28977	9.25
9969	9.16
32935	9.15
15335	9.10
15417	9.11
918	9.04
28891	8.93
263	8.83
1	8.82
30276	8.82
7311	8.81
17074	8.80
2001	8.78
245	8.77
5258	8.75
12365	8.71
32366	8.69
30654	8.68
20583	8.68
19647	8.68
30709	8.64
24415	8.62
32995	8.61
21899	8.60
7472	8.59
12431	8.59
16894	8.58
5028	8.58
21	8.58
31933	8.57
170	8.56
32182	8.55
877	8.55
2251	8.54
10030	8.53
5941	8.53
10165	8.52
22789	8.50
30230	8.50
11917	8.50
205	8.50
7655	8.49
25835	8.49
523	8.48
19815	8.47
392	8.47
11771	8.46
1698	8.46
4224	8.45
31181	8.43
45	8.43
627	8.42
4155	8.42
23317	8.41
558	8.41
57	8.40
1210	8.40
13759	8.40
6547	8.39
264	8.39
12859	8.39
853	8.39
5690	8.38
6945	8.37
6811	8.37
1604	8.37
22145	8.37
31964	8.36
19363	8.36
18195	8.36
9890	8.36
9863	8.36
7674	8.35
11843	8.35
3226	8.35
31715	8.34
9617	8.34
10153	8.34
3091	8.34
121	8.33
813	8.32
31490	8.32
759	8.32
6	8.32
9735	8.31
11123	8.31
23847	8.31
33161	8.31
2167	8.30
16706	8.30
5681	8.30
3901	8.29
19123	8.29
33255	8.29
372	8.28
265	8.28
25681	8.28
4722	8.28
24277	8.28
512	8.27
4477	8.27
15323	8.27
31174	8.27
23327	8.27
3702	8.26
7054	8.26
235	8.25
1364	8.25
18689	8.25
22043	8.25
1453	8.25
23623	8.26
1559	8.25
23289	8.24
4814	8.24
8129	8.24
25013	8.23
1367	8.23
26213	8.23
12069	8.23
18679	8.23
2034	8.23
721	8.23
6702	8.22
4107	8.22
1506	8.21
72	8.21
11597	8.21
28025	8.21
24833	8.20
1482	8.20
25313	8.20
1430	8.20
7720	8.20
1914	8.20
20371	8.20
2164	8.19
10643	8.19
17739	8.19
135	8.19
16001	8.19
232	8.18
16918	8.18
16	8.18
1486	8.18
8063	8.18
25879	8.18
4918	8.17
4772	8.16
781	8.16
1363	8.16
223	8.16
2004	8.16
25649	8.16
8740	8.16
21647	8.16
18179	8.16
32122	8.15
851	8.15
4053	8.15
846	8.15
9926	8.15
7791	8.14
20815	8.14
535	8.14
9963	8.13
32551	8.13
2951	8.13
2762	8.13
14713	8.13
31098	8.13
1471	8.12
10080	8.12
21469	8.12
9941	8.12
14813	8.12
21855	8.11
11739	8.11
2159	8.11
28297	8.11
29831	8.10
6505	8.11
861	8.11
77	8.10
32093	8.10
5781	8.09
13767	8.09
5678	8.09
6774	8.09
25161	8.09
995	8.09
2752	8.09
15	8.08
122	8.08
3092	8.08
10721	8.08
16395	8.08
3588	8.08
4106	8.08
16916	8.07
6582	8.07
66	8.06
6438	8.06
33032	8.06
227	8.06
4898	8.06
15689	8.06
957	8.06
24	8.06
849	8.06
268	8.05
427	8.05
18429	8.05
17549	8.05
26123	8.05
28	8.05
9513	8.04
8408	8.04
4985	8.04
22	8.04
793	8.04
30279	8.04
28755	8.03
9289	8.03
15809	8.03
5630	8.03
30831	8.03
416	8.03
30240	8.03
2605	8.03
4163	8.03
3228	8.03
1485	8.02
8310	8.02
114	8.02
11813	8.02
10012	8.01
22777	8.01
29787	8.01
7062	8.01
11887	8.01
12815	8.01
12017	8.01
6377	8.01
1470	8.00
780	8.00
27633	8.00
17273	8.00
429	8.00
18661	8.00
14349	8.00
996	7.99
14175	7.99
11239	7.99
8516	7.98
779	7.98
1366	7.98
15195	7.98
30311	7.98
400	7.98
10521	7.98
1571	7.97
253	7.97
22673	7.97
4080	7.97
27947	7.97
569	7.97
15771	7.97
949	7.97
11001	7.96
17909	7.96
4872	7.96
5005	7.96
269	7.95
14741	7.95
1472	7.95
8609	7.95
6033	7.95
8479	7.95
254	7.95
8525	7.95
25517	7.95
2104	7.95
2150	7.95
23225	7.95
12893	7.94
1505	7.94
4447	7.94
22265	7.94
9563	7.94
20517	7.94
1735	7.94
20159	7.94
12403	7.94
7044	7.94
31339	7.93
29755	7.94
24471	7.93
516	7.93
1425	7.93
8038	7.93
322	7.93
1172	7.93
31711	7.93
30370	7.92
34036	8.10
17895	7.92
4192	7.92
10357	7.92
19489	7.92
4472	7.92
1473	7.91
23293	7.91
18897	7.91
31592	7.91
31380	7.91
28677	7.91
1961	7.90
21405	7.90
6024	7.90
3604	7.90
11237	7.90
582	7.90
21995	7.89
552	7.89
7645	7.89
249	7.89
4886	7.89
451	7.89
9734	7.89
6115	7.89
10119	7.89
1921	7.89
1562	7.89
32863	7.88
13535	7.88
28121	7.88
10497	7.88
6862	7.88
251	7.88
875	7.88
33994	7.88
29830	7.88
479	7.88
15451	7.87
33446	7.87
5680	7.87
1887	7.87
2594	7.87
210	7.87
1007	7.87
534	7.87
9790	7.87
407	7.87
1375	7.87
951	7.86
12117	7.86
2508	7.86
22125	7.86
32547	7.86
16239	7.86
31772	7.86
8407	7.86
20057	7.86
9074	7.85
7305	7.85
644	7.85
15117	7.85
10460	7.85
15315	7.85
31704	7.85
517	7.85
29829	7.85
14735	7.84
20431	7.84
15487	7.84
20847	7.84
12883	7.84
30413	7.84
30902	7.84
6347	7.83
3841	7.83
9982	7.83
1888	7.83
1719	7.83
154	7.83
5074	7.83
9785	7.82
6984	7.82
21659	7.82
3545	7.82
9510	7.82
5751	7.82
13663	7.82
13851	7.82
6956	7.82
233	7.81
2397	7.81
71	7.81
2454	7.81
32380	7.81
13203	7.81
2963	7.81
20	7.81
31953	7.81
1002	7.81
9471	7.80
19671	7.80
120	7.80
74	7.80
30364	7.81
33209	7.80
21867	7.80
28979	7.80
16011	7.80
9062	7.79
2450	7.79
2229	7.79
6927	7.79
4811	7.79
13403	7.79
8795	7.79
12021	7.79
1011	7.79
18119	7.79
1015	7.78
6637	7.78
255	7.78
10790	7.78
1418	7.78
14511	7.78
31289	7.78
1008	7.78
65	7.78
2499	7.78
3470	7.78
540	7.78
1293	7.78
9201	7.77
32108	7.77
123	7.77
488	7.77
32268	7.77
1376	7.77
464	7.77
539	7.77
14227	7.77
997	7.76
24913	7.76
31478	7.76
2471	7.76
240	7.76
5060	7.76
3731	7.76
1412	7.76
2985	7.76
462	7.76
8247	7.75
20031	7.75
7471	7.75
986	7.75
28669	7.74
2026	7.75
19669	7.75
331	7.75
33338	7.75
10278	7.75
1830	7.75
371	7.74
7303	7.74
430	7.74
1813	7.74
6372	7.74
17	7.74
23441	7.74
1915	7.74
2313	7.74
10033	7.74
966	7.73
25341	7.72
10534	7.73
32979	7.73
132	7.73
8532	7.73
1606	7.73
9136	7.73
7627	7.73
32485	7.73
1840	7.73
33513	7.72
905	7.72
324	7.72
21755	7.72
33157	7.72
23701	7.72
1924	7.72
3090	7.71
7647	7.71
7902	7.71
129	7.71
31997	7.71
24703	7.71
6116	7.71
8675	7.71
29854	7.71
11433	7.70
14967	7.70
12049	7.70
11617	7.70
914	7.70
21327	7.70
1087	7.70
33605	7.69
11933	7.70
23301	7.70
5493	7.70
32681	7.70
7762	7.70
10495	7.70
880	7.69
857	7.69
110	7.69
23251	7.69
587	7.69
11013	7.69
452	7.69
1579	7.69
6793	7.69
21105	7.69
3001	7.69
8190	7.69
23277	7.69
2498	7.69
25729	7.69
18139	7.69
22147	7.68
32365	7.68
11359	7.68
428	7.68
4188	7.68
5958	7.68
14669	7.67
1478	7.67
8331	7.67
18507	7.67
26023	7.67
21075	7.67
8841	7.67
9396	7.67
11371	7.67
32542	7.67
4835	7.66
5348	7.66
9786	7.66
25687	7.66
145	7.66
5290	7.66
250	7.66
2743	7.66
10020	7.66
528	7.66
1861	7.66
17437	7.66
304	7.65
12291	7.65
4182	7.65
9839	7.65
874	7.65
2673	7.65
31376	7.65
1251	7.65
32215	7.66
2012	7.65
5162	7.65
13245	7.65
21667	7.65
3848	7.65
5419	7.65
16241	7.65
2198	7.64
2768	7.64
6553	7.64
15437	7.64
13655	7.64
334	7.64
209	7.64
15775	7.64
10469	7.63
32899	7.64
10216	7.64
32828	7.63
6604	7.63
14527	7.63
2835	7.63
814	7.63
2098	7.63
7858	7.63
5118	7.63
691	7.63
16273	7.62
2424	7.62
901	7.62
31706	7.62
4060	7.62
23269	7.63
3165	7.62
449	7.62
96	7.62
10378	7.62
18499	7.62
1195	7.62
1003	7.61
11235	7.61
2409	7.61
2458	7.61
1289	7.61
9181	7.61
1608	7.61
5277	7.61
18523	7.61
7041	7.61
2923	7.61
1919	7.61
18753	7.61
18497	7.61
18671	7.60
16934	7.60
2171	7.60
3213	7.60
21273	7.60
2330	7.60
3449	7.60
218	7.60
16287	7.60
10731	7.60
8317	7.60
8557	7.60
1913	7.60
200	7.60
3613	7.60
3712	7.60
1474	7.59
8687	7.59
10765	7.59
9023	7.59
2971	7.59
98	7.59
20541	7.59
32026	7.59
5262	7.59
1372	7.59
24627	7.59
102	7.58
27601	7.58
4061	7.58
28607	7.58
9834	7.58
10075	7.58
11889	7.58
8676	7.57
10719	7.57
59	7.57
7045	7.57
379	7.57
10209	7.57
5713	7.57
24227	7.57
6187	7.57
490	7.57
64	7.57
1728	7.57
1911	7.57
12187	7.56
1477	7.56
1368	7.56
2392	7.56
18465	7.56
852	7.56
9865	7.56
3652	7.56
5710	7.56
131	7.56
3974	7.56
11633	7.55
1476	7.55
26349	7.55
17641	7.55
25389	7.55
32930	7.55
28825	7.55
12679	7.55
9366	7.55
6707	7.55
1424	7.55
2518	7.55
5252	7.55
19221	7.55
13267	7.55
25	7.55
24365	7.55
1050	7.54
23359	7.54
15583	7.54
5096	7.54
906	7.54
18393	7.54
2037	7.54
9124	7.54
327	7.54
130	7.54
31680	7.54
15731	7.54
696	7.54
12015	7.54
11553	7.54
1327	7.53
4037	7.53
435	7.53
10110	7.53
8246	7.53
11499	7.53
29786	7.53
28285	7.53
12711	7.53
5251	7.52
68	7.52
142	7.52
3358	7.52
76	7.52
32698	7.52
31414	7.52
353	7.52
1060	7.52
19369	7.52
19291	7.52
792	7.52
3674	7.52
167	7.52
5909	7.52
5233	7.52
2014	7.52
1006	7.52
1536	7.51
1475	7.51
13837	7.51
10703	7.51
1852	7.51
2228	7.51
15591	7.51
1808	7.51
489	7.51
2954	7.51
11179	7.51
2903	7.51
1577	7.51
5667	7.51
33094	7.51
21435	7.51
9340	7.50
7972	7.50
19163	7.50
1684	7.50
9135	7.50
10870	7.50
31158	7.50
31952	7.50
1426	7.50
6325	7.50
27787	7.50
3965	7.50
32051	7.50
1010	7.50
5947	7.50
2126	7.50
7870	7.49
10396	7.49
29067	7.49
501	7.49
16353	7.49
2460	7.49
1238	7.49
8769	7.49
6896	7.49
15751	7.49
21737	7.49
1146	7.49
2820	7.49
18177	7.49
103	7.48
15927	7.48
14811	7.48
242	7.48
31499	7.48
2408	7.48
17643	7.48
1419	7.48
1190	7.48
23421	7.48
10464	7.48
8726	7.48
3125	7.48
30641	7.48
24591	7.48
763	7.48
656	7.47
23383	7.47
10531	7.47
2656	7.47
15925	7.47
20509	7.47
7337	7.47
12729	7.47
20853	7.47
29583	7.47
1590	7.47
1439	7.47
1064	7.47
14575	7.47
1655	7.47
23673	7.47
2942	7.47
1764	7.47
1170	7.47
3352	7.47
20977	7.47
5332	7.47
1744	7.47
8457	7.47
4038	7.47
1078	7.46
2665	7.46
32696	7.46
32648	7.46
15225	7.46
6064	7.46
1972	7.46
1288	7.46
601	7.46
465	7.46
1117	7.46
10862	7.46
710	7.46
10334	7.46
20709	7.46
19251	7.46
2009	7.46
9611	7.45
50	7.45
31771	7.45
2986	7.45
15109	7.45
5684	7.45
908	7.45
505	7.45
246	7.45
6574	7.45
5150	7.45
30300	7.45
714	7.45
2336	7.45
2407	7.45
519	7.45
330	7.45
6712	7.45
28299	7.45
17875	7.45
3292	7.45
573	7.45
27957	7.45
33302	7.45
15911	7.45
764	7.45
10479	7.44
1450	7.44
2649	7.44
117	7.44
1250	7.44
653	7.44
5521	7.44
191	7.44
20221	7.44
3655	7.44
6030	7.44
463	7.44
1094	7.44
18041	7.44
8022	7.44
485	7.43
2512	7.43
6930	7.43
3568	7.43
15699	7.43
30991	7.43
14753	7.43
3958	7.43
1722	7.43
2472	7.43
1237	7.43
13659	7.43
108	7.43
161	7.43
527	7.43
4664	7.43
32175	7.43
1171	7.43
11793	7.44
3036	7.43
25157	7.43
28405	7.42
5065	7.42
10444	7.42
332	7.42
2677	7.42
2661	7.42
19645	7.42
21681	7.42
10805	7.42
10536	7.42
17259	7.42
335	7.42
738	7.42
443	7.42
20939	7.42
867	7.42
869	7.42
2013	7.42
5141	7.42
5764	7.42
49	7.41
5578	7.41
3203	7.41
10638	7.41
2393	7.41
20689	7.41
10298	7.41
16732	7.41
6299	7.41
7761	7.41
3225	7.41
10711	7.41
2744	7.41
2193	7.41
868	7.41
541	7.41
32174	7.41
10834	7.40
20479	7.40
21395	7.40
2398	7.40
3727	7.40
30694	7.40
12231	7.40
940	7.40
99	7.40
1196	7.40
5597	7.40
10928	7.40
4114	7.40
15963	7.40
4063	7.40
9355	7.40
6380	7.40
3006	7.39
13931	7.39
2648	7.39
2634	7.39
27525	7.39
664	7.39
4639	7.39
386	7.39
30307	7.39
6512	7.39
8423	7.39
418	7.39
6713	7.39
2486	7.39
1231	7.39
16694	7.39
3861	7.39
536	7.39
1147	7.39
7861	7.39
306	7.38
32977	7.38
11697	7.38
104	7.38
24727	7.38
8369	7.38
2597	7.38
1858	7.38
9013	7.38
1432	7.38
3345	7.38
2152	7.38
7769	7.38
10825	7.38
4015	7.38
30344	7.38
712	7.38
1278	7.37
6149	7.37
2813	7.37
3627	7.37
1369	7.37
2515	7.37
1313	7.37
2670	7.37
654	7.37
655	7.37
22013	7.37
3485	7.37
31326	7.37
13357	7.37
8134	7.37
21863	7.37
24475	7.37
8857	7.37
2020	7.37
9888	7.37
4028	7.37
19021	7.37
10321	7.37
31178	7.37
20359	7.37
12293	7.36
902	7.36
23539	7.36
14765	7.36
15379	7.36
32871	7.38
3577	7.36
190	7.36
4056	7.36
8424	7.36
16143	7.36
31918	7.36
415	7.36
7745	7.36
30206	7.35
61	7.35
3230	7.35
3418	7.35
3229	7.35
3272	7.35
1516	7.35
11777	7.35
3467	7.35
16468	7.35
2385	7.35
195	7.35
30714	7.35
21073	7.35
25647	7.35
13055	7.35
24029	7.35
16417	7.35
13677	7.34
9120	7.34
6988	7.34
11053	7.34
21635	7.34
27945	7.34
4550	7.34
25159	7.34
33074	7.34
1437	7.34
18391	7.34
2736	7.34
9999	7.34
8171	7.34
2386	7.34
107	7.34
2847	7.34
173	7.34
3455	7.34
883	7.34
32323	7.33
31754	7.33
9379	7.33
2666	7.33
2655	7.33
893	7.33
24231	7.33
469	7.33
5042	7.33
837	7.33
1422	7.33
7261	7.33
1168	7.33
460	7.33
11019	7.33
22865	7.33
21561	7.33
3956	7.33
100	7.33
10447	7.32
15711	7.32
15687	7.32
1683	7.32
1886	7.32
31737	7.32
2899	7.32
28387	7.32
52	7.32
4195	7.32
3247	7.32
1416	7.32
351	7.32
12001	7.32
14749	7.32
1120	7.32
1191	7.32
866	7.32
10232	7.32
14835	7.32
18441	7.31
33929	7.32
2513	7.31
1335	7.31
15617	7.31
192	7.31
32543	7.31
1429	7.31
2818	7.31
333	7.31
3437	7.31
6999	7.31
79	7.31
201	7.31
2748	7.30
6198	7.30
3298	7.30
2745	7.30
4903	7.30
277	7.30
1017	7.30
1847	7.30
16051	7.30
3000	7.30
11341	7.30
178	7.30
1920	7.30
23447	7.29
30205	7.29
2589	7.29
6460	7.29
2668	7.29
1931	7.29
652	7.29
26441	7.29
2901	7.29
1413	7.29
276	7.29
352	7.29
6023	7.29
2108	7.29
3593	7.29
16742	7.29
550	7.29
19759	7.28
1498	7.28
974	7.28
24031	7.28
2222	7.28
14829	7.28
19159	7.28
20457	7.28
189	7.28
1414	7.28
4134	7.28
12673	7.28
1531	7.28
4382	7.28
5397	7.28
2036	7.27
34349	7.25
2657	7.27
31201	7.27
10842	7.27
2400	7.27
650	7.27
18713	7.27
990	7.27
1086	7.27
5019	7.27
4162	7.27
16866	7.27
6567	7.27
3738	7.27
31298	7.27
9645	7.26
31417	7.26
8359	7.26
380	7.26
27567	7.25
243	7.26
9958	7.26
23153	7.26
3946	7.26
2602	7.26
31610	7.26
631	7.26
629	7.26
12979	7.26
19511	7.26
15649	7.26
22859	7.26
33004	7.26
394	7.25
14027	7.25
5163	7.25
1132	7.25
2662	7.25
2664	7.25
1534	7.25
11785	7.25
28869	7.25
1417	7.25
30014	7.25
13409	7.25
1732	7.25
459	7.25
1538	7.25
12823	7.25
3221	7.25
8909	7.25
1133	7.25
53	7.24
31145	7.24
1778	7.24
898	7.24
3219	7.24
3421	7.24
1164	7.24
872	7.24
5343	7.24
4214	7.24
2716	7.24
13171	7.24
1891	7.24
24973	7.23
8363	7.23
4200	7.23
2674	7.23
5670	7.23
13561	7.23
3121	7.23
1397	7.23
2459	7.23
15719	7.23
1565	7.23
31564	7.23
9055	7.23
22583	7.22
842	7.23
553	7.23
482	7.23
11339	7.22
23361	7.22
4286	7.22
21797	7.22
8364	7.22
424	7.22
10948	7.22
5983	7.22
4375	7.22
1738	7.22
785	7.22
10822	7.22
5199	7.22
1066	7.22
566	7.22
1543	7.22
2043	7.21
1312	7.21
8362	7.21
7088	7.21
4156	7.21
9159	7.21
1588	7.21
11761	7.21
21603	7.21
1546	7.21
1619	7.21
1944	7.21
6203	7.21
1101	7.21
367	7.20
10115	7.19
30290	7.20
729	7.20
4851	7.20
16890	7.20
23227	7.20
2490	7.20
1564	7.20
32094	7.20
20047	7.20
23587	7.20
1555	7.20
831	7.19
1796	7.19
6959	7.19
3447	7.19
23619	7.19
1261	7.19
30016	7.19
350	7.19
6324	7.19
5279	7.19
12709	7.19
7817	7.18
2907	7.18
2651	7.18
5197	7.18
32801	7.18
26057	7.18
606	7.18
6379	7.18
7066	7.18
604	7.18
2044	7.18
5030	7.18
1110	7.18
1199	7.18
32603	7.17
461	7.18
1569	7.18
11009	7.18
20973	7.18
3138	7.18
6098	7.18
10351	7.18
21439	7.18
31080	7.17
23237	7.17
6217	7.17
992	7.17
2815	7.17
2132	7.17
5978	7.17
1436	7.17
4997	7.17
442	7.17
31404	7.17
10302	7.17
33713	7.16
17391	7.17
27441	7.17
32038	7.17
2011	7.17
6312	7.17
1922	7.17
7152	7.16
751	7.16
3432	7.16
3033	7.16
1803	7.16
1045	7.16
1592	7.16
1025	7.16
2130	7.16
33511	7.14
1434	7.16
8097	7.16
8666	7.16
2489	7.16
10108	7.16
24211	7.15
1118	7.16
23285	7.16
907	7.16
28617	7.16
151	7.16
6974	7.16
4021	7.16
31370	7.16
343	7.16
20449	7.16
16157	7.15
3745	7.15
291	7.15
29437	7.15
2652	7.15
1046	7.15
16982	7.15
29785	7.15
11299	7.15
3483	7.15
32013	7.15
2000	7.15
22877	7.15
8057	7.15
29163	7.15
3737	7.15
230	7.14
13839	7.14
900	7.14
5152	7.14
30544	7.14
383	7.14
4983	7.14
21653	7.14
3638	7.14
3616	7.14
1659	7.14
5520	7.14
2805	7.14
524	7.14
4742	7.14
6178	7.14
1709	7.14
2993	7.14
19697	7.14
10249	7.14
998	7.13
2206	7.13
16726	7.13
1022	7.13
8630	7.13
23425	7.13
2335	7.13
2403	7.13
8876	7.13
1138	7.13
22071	7.13
3136	7.13
10276	7.13
10819	7.13
30649	7.14
12321	7.13
6941	7.13
961	7.13
5071	7.12
30988	7.12
507	7.12
24457	7.13
9041	7.12
10794	7.12
4082	7.12
33490	7.12
968	7.12
20039	7.12
30896	7.13
2084	7.12
32553	7.12
2570	7.12
15807	7.12
9716	7.12
31229	7.12
3332	7.12
9673	7.12
4651	7.12
659	7.11
27727	7.11
9348	7.11
18745	7.11
9200	7.11
3312	7.11
903	7.11
10947	7.11
14653	7.11
31233	7.11
1421	7.11
20141	7.11
157	7.11
796	7.11
3837	7.11
521	7.11
6946	7.11
10659	7.11
941	7.11
27509	7.11
5955	7.11
1514	7.11
15933	7.11
596	7.10
1953	7.10
859	7.10
2630	7.10
116	7.10
1184	7.10
3484	7.10
3313	7.10
8234	7.10
1869	7.10
1122	7.10
10824	7.10
174	7.10
1128	7.10
3620	7.09
1014	7.09
1311	7.09
933	7.09
7643	7.09
892	7.09
899	7.09
12225	7.09
24261	7.09
10934	7.09
31670	7.09
1573	7.09
7593	7.09
4786	7.09
1435	7.09
3654	7.09
4051	7.09
621	7.09
607	7.09
1104	7.09
5307	7.09
28257	7.10
32240	7.08
984	7.08
31056	7.08
20045	7.08
1438	7.08
20871	7.08
162	7.08
8767	7.08
1584	7.08
1568	7.08
3419	7.08
1925	7.08
579	7.07
12255	7.07
8358	7.07
8360	7.07
127	7.07
2165	7.07
10950	7.07
4078	7.07
1399	7.07
632	7.07
31138	7.07
2097	7.07
1892	7.07
18677	7.07
7669	7.06
9776	7.06
1151	7.06
11809	7.06
5688	7.06
456	7.06
1180	7.06
10191	7.06
3281	7.06
3019	7.06
673	7.06
9712	7.06
16910	7.06
1152	7.06
25099	7.06
12281	7.06
1710	7.06
31374	7.06
32409	7.06
3174	7.06
10737	7.05
1798	7.05
834	7.05
2692	7.05
1844	7.05
2172	7.05
502	7.05
22695	7.05
870	7.05
2749	7.05
811	7.05
4935	7.05
6566	7.05
1400	7.05
4807	7.05
196	7.05
19845	7.05
34325	7.05
1119	7.05
1489	7.05
10572	7.05
10923	7.05
1720	7.05
5992	7.05
2006	7.05
303	7.04
3266	7.04
280	7.04
1797	7.04
27653	7.04
8624	7.04
28221	7.04
19261	7.04
2280	7.04
10079	7.04
580	7.04
1431	7.04
32634	7.04
33606	7.04
17115	7.04
1525	7.04
16678	7.04
32160	7.04
5996	7.04
7768	7.04
2625	7.04
4166	7.04
687	7.04
8422	7.04
6489	7.04
1249	7.04
10431	7.03
11703	7.03
891	7.03
9347	7.03
1929	7.03
981	7.03
20945	7.03
11281	7.03
5968	7.03
1578	7.03
1415	7.03
9630	7.03
31442	7.03
229	7.03
6201	7.03
28105	7.03
33491	7.03
508	7.03
2832	7.02
4999	7.02
23369	7.02
1668	7.02
1186	7.02
8440	7.02
10116	7.02
24169	7.02
3031	7.02
993	7.02
126	7.02
3519	7.02
12481	7.02
11161	7.02
10213	7.02
2501	7.02
212	7.02
11227	7.02
29317	7.01
419	7.02
7375	7.02
2578	7.02
1111	7.02
31909	7.02
3690	7.01
4190	7.01
31234	7.01
8277	7.01
641	7.01
5914	7.01
15783	7.01
193	7.01
3615	7.01
12727	7.01
1129	7.01
1481	7.01
30355	7.01
750	7.00
22699	7.00
5091	7.00
13377	7.00
19365	7.00
19841	7.00
5830	7.00
1841	6.99
896	6.99
118	6.99
603	6.99
636	6.99
5967	6.99
3547	6.99
13247	6.99
1509	6.99
936	6.99
800	6.99
4054	6.99
9884	6.99
2363	6.99
1648	6.99
1923	6.99
2087	6.99
1837	6.98
1930	6.98
22189	6.98
10604	6.98
3349	6.98
28423	6.98
18095	6.98
9127	6.98
25045	6.97
1817	6.97
261	6.97
2757	6.97
1501	6.97
9675	6.97
1804	6.97
1423	6.97
1398	6.97
4086	6.97
6890	6.97
6112	6.97
21195	6.97
882	6.97
8361	6.96
12549	6.96
1795	6.96
2520	6.96
262	6.96
5045	6.96
2248	6.96
20473	6.96
2725	6.96
8023	6.96
4548	6.96
1214	6.95
2259	6.95
22057	6.95
21671	6.96
11079	6.95
1707	6.95
630	6.95
7367	6.95
9568	6.95
33569	6.95
538	6.95
1517	6.95
423	6.95
1532	6.95
10622	6.95
9005	6.95
19157	6.95
109	6.94
29589	6.94
115	6.94
25011	6.95
25719	6.94
4353	6.94
1654	6.94
3991	6.94
23945	6.94
1018	6.94
7857	6.94
9917	6.94
14627	6.94
2289	6.93
9618	6.93
8368	6.93
2645	6.93
894	6.93
509	6.93
3129	6.93
1420	6.93
1502	6.93
7474	6.93
14685	6.93
9883	6.93
1121	6.93
8908	6.93
9063	6.93
10513	6.93
6709	6.92
404	6.92
2131	6.92
24909	6.92
146	6.92
554	6.92
2933	6.92
4936	6.92
10740	6.92
30464	6.92
4075	6.92
3159	6.92
278	6.92
20545	6.92
3193	6.91
2205	6.91
694	6.91
1219	6.91
15633	6.91
17113	6.91
14893	6.91
25383	6.91
8536	6.91
13287	6.91
2494	6.91
649	6.91
15377	6.91
8228	6.91
727	6.91
15609	6.91
8078	6.91
3948	6.91
6741	6.91
10945	6.91
1469	6.91
942	6.91
29129	6.91
2611	6.91
623	6.91
10297	6.91
10502	6.91
18121	6.91
605	6.91
1112	6.91
2884	6.90
12505	6.90
111	6.90
2632	6.90
2166	6.90
3053	6.90
487	6.90
6069	6.90
219	6.90
8062	6.90
860	6.90
8410	6.90
13201	6.90
21325	6.90
7396	6.90
1127	6.90
29087	6.90
965	6.90
886	6.89
895	6.89
6418	6.89
2784	6.89
1902	6.89
3689	6.89
1898	6.89
30376	6.89
1805	6.89
7590	6.89
33372	6.89
1597	6.89
20743	6.90
2263	6.89
12783	6.89
8754	6.89
3672	6.89
27887	6.89
10578	6.88
8366	6.88
1755	6.88
296	6.88
377	6.88
19109	6.88
8465	6.88
6297	6.88
10098	6.88
28819	6.88
31980	6.88
9922	6.88
1035	6.88
10933	6.88
13727	6.88
21879	6.88
26395	6.88
6166	6.87
8648	6.87
646	6.87
1082	6.87
7148	6.87
25897	6.87
3618	6.87
1074	6.87
466	6.87
6560	6.87
7016	6.87
30412	6.87
3954	6.87
30567	6.87
2633	6.87
1218	6.87
1487	6.86
4657	6.86
495	6.86
12499	6.86
2814	6.86
2629	6.86
4362	6.86
19889	6.86
31930	6.86
4411	6.86
7322	6.86
1748	6.86
5526	6.86
11911	6.86
23871	6.85
20843	6.86
30919	6.86
6245	6.86
422	6.86
22759	6.86
10897	6.85
357	6.85
8365	6.85
293	6.85
12343	6.85
563	6.85
378	6.85
23115	6.85
318	6.85
2217	6.85
30651	6.86
13367	6.85
557	6.85
3659	6.85
3182	6.85
10114	6.85
4136	6.85
27709	6.85
4031	6.85
6330	6.85
2934	6.85
11787	6.85
6964	6.85
17082	6.84
10582	6.83
4211	6.84
248	6.84
24629	6.84
15005	6.84
8599	6.84
1247	6.84
7774	6.84
2180	6.84
7329	6.84
10532	6.84
1893	6.83
32664	6.83
8123	6.83
1756	6.83
6527	6.83
297	6.83
9750	6.83
2457	6.83
30379	6.83
17855	6.83
594	6.83
10197	6.83
1300	6.83
8705	6.83
4069	6.83
10823	6.83
25859	6.83
33142	6.83
1103	6.83
32555	6.83
10074	6.83
23487	6.83
14355	6.83
3853	6.82
1802	6.82
2635	6.82
5973	6.82
797	6.82
6882	6.82
16928	6.82
6958	6.82
18247	6.82
8208	6.82
26063	6.82
1433	6.82
28817	6.82
33741	6.82
921	6.82
13619	6.82
32228	6.82
23067	6.82
179	6.82
3021	6.82
1749	6.81
9736	6.81
1593	6.81
288	6.81
1757	6.81
8187	6.81
260	6.81
21541	6.81
16964	6.81
667	6.81
18495	6.81
20999	6.81
86	6.81
8235	6.81
11491	6.81
5201	6.81
23459	6.81
533	6.81
19391	6.81
7330	6.81
5484	6.81
4101	6.81
12455	6.81
373	6.80
8632	6.80
63	6.80
1758	6.80
2653	6.80
18851	6.80
1996	6.80
850	6.80
1581	6.80
12483	6.80
24451	6.80
27857	6.80
5274	6.80
1161	6.80
11615	6.80
12663	6.80
29697	6.80
18099	6.80
33524	6.80
2580	6.80
1957	6.79
3130	6.79
17731	6.79
12279	6.79
10732	6.79
3057	6.79
32321	6.79
626	6.79
12503	6.79
10807	6.79
32625	6.79
23299	6.79
4793	6.79
31440	6.79
3686	6.79
25241	6.78
1750	6.78
4508	6.78
1752	6.78
3023	6.78
3037	6.78
7579	6.78
637	6.78
3923	6.78
3085	6.78
9519	6.78
9335	6.78
222	6.78
14199	6.78
23363	6.78
17573	6.79
9107	6.78
14093	6.78
6877	6.78
30625	6.75
17933	6.78
26019	6.78
2033	6.78
2032	6.78
1533	6.77
23627	6.77
1669	6.77
1136	6.77
8367	6.77
7307	6.77
9515	6.77
2050	6.77
5333	6.77
12991	6.77
4320	6.77
2039	6.77
8245	6.77
9581	6.77
26351	6.77
5865	6.77
615	6.77
28063	6.77
15125	6.77
20267	6.77
29017	6.77
27911	6.76
7805	6.76
1962	6.76
4712	6.76
6714	6.76
13263	6.76
259	6.76
2038	6.76
33075	6.76
10936	6.76
24705	6.76
2615	6.76
16718	6.76
12699	6.76
33811	6.76
3008	6.76
7591	6.76
3077	6.76
298	6.75
2221	6.75
1149	6.75
2627	6.75
987	6.75
236	6.75
23499	6.75
11268	6.75
15729	6.75
1181	6.75
8507	6.75
3464	6.75
5305	6.75
16906	6.75
4782	6.75
776	6.75
3265	6.75
21033	6.75
4173	6.75
421	6.75
17341	6.75
4197	6.74
1194	6.74
5618	6.74
2641	6.74
2644	6.74
10172	6.74
3503	6.74
28207	6.74
1070	6.74
7090	6.74
6779	6.74
25117	6.74
14515	6.74
6068	6.74
10390	6.73
2732	6.73
31636	6.73
1187	6.73
8546	6.73
10949	6.73
6117	6.73
2390	6.73
635	6.73
590	6.73
6205	6.73
602	6.73
15347	6.73
3550	6.73
9934	6.73
2912	6.73
32383	6.73
1296	6.73
1232	6.73
3806	6.73
2497	6.73
2463	6.73
3915	6.73
5833	6.73
10324	6.73
1198	6.73
6878	6.73
808	6.72
3232	6.72
3952	6.72
1672	6.72
4450	6.72
1853	6.72
2606	6.72
12347	6.72
7666	6.72
6028	6.72
225	6.72
10527	6.72
403	6.72
1907	6.72
31096	6.72
20391	6.72
22123	6.72
31344	6.72
10361	6.72
5962	6.72
34283	6.74
1328	6.72
5529	6.72
8314	6.72
2399	6.72
2284	6.72
29089	6.72
1670	6.71
370	6.71
2067	6.71
2074	6.71
7540	6.71
1617	6.71
1806	6.71
33181	6.73
4795	6.71
18781	6.71
10308	6.71
14957	6.71
7082	6.71
2010	6.71
21201	6.71
916	6.71
6883	6.71
6748	6.71
1754	6.70
4361	6.70
840	6.70
2086	6.70
31848	6.70
402	6.70
13799	6.70
4874	6.70
15781	6.70
10611	6.70
33173	6.70
1980	6.70
4744	6.69
375	6.69
119	6.69
241	6.69
32511	6.69
863	6.69
1658	6.69
10076	6.69
412	6.69
9774	6.69
31716	6.69
22335	6.69
744	6.69
7160	6.69
289	6.68
706	6.68
11385	6.68
365	6.68
31675	6.68
19255	6.68
1694	6.68
17831	6.68
10016	6.68
9754	6.68
6796	6.68
3823	6.68
5957	6.68
12671	6.68
8438	6.68
4794	6.68
564	6.68
8108	6.68
7568	6.68
3295	6.68
1894	6.68
4469	6.67
2041	6.67
591	6.67
33360	6.66
5147	6.67
2638	6.67
5276	6.67
1062	6.67
2710	6.67
6609	6.67
197	6.67
3735	6.67
1012	6.67
3410	6.67
24751	6.66
1185	6.66
21599	6.66
7744	6.66
3185	6.66
10187	6.66
10338	6.66
32214	6.66
3391	6.66
4640	6.66
31621	6.66
31797	6.66
682	6.66
16680	6.65
8709	6.66
10916	6.67
10384	6.66
2766	6.66
4427	6.66
6468	6.66
715	6.66
12437	6.66
1370	6.65
1794	6.65
9493	6.65
29231	6.65
8101	6.65
33118	6.65
3878	6.65
31448	6.64
31560	6.66
4421	6.65
32829	6.65
6625	6.65
4910	6.65
4792	6.65
1298	6.65
13517	6.66
471	6.65
2699	6.65
1233	6.64
30127	6.64
660	6.64
4554	6.64
31070	6.64
21373	6.64
125	6.64
8765	6.64
30531	6.63
8538	6.64
24695	6.64
4504	6.64
21241	6.64
783	6.64
2306	6.64
4536	6.64
10917	6.64
1297	6.64
6885	6.64
21353	6.64
718	6.64
30056	6.63
2640	6.63
33222	6.63
26053	6.63
2617	6.63
2207	6.63
25861	6.63
6657	6.63
3273	6.63
6509	6.63
7430	6.63
10671	6.63
24175	6.63
17157	6.63
612	6.63
4962	6.63
8900	6.63
1836	6.63
2552	6.63
12317	6.63
30953	6.62
5449	6.62
2485	6.62
32561	6.62
1235	6.62
30030	6.62
9203	6.62
799	6.62
5225	6.62
12921	6.62
18857	6.62
9077	6.62
8139	6.62
425	6.62
9924	6.62
10723	6.62
16347	6.62
30795	6.61
6579	6.61
12351	6.61
7124	6.61
20441	6.61
30384	6.61
4314	6.61
17873	6.61
11069	6.61
9220	6.61
18549	6.61
15095	6.61
15015	6.61
1960	6.61
34009	6.61
33208	6.61
20987	6.61
5849	6.61
810	6.60
999	6.60
15325	6.60
7578	6.60
23787	6.60
3280	6.60
8140	6.60
4209	6.60
23427	6.60
1807	6.60
10810	6.60
20155	6.60
9078	6.60
17551	6.60
13251	6.60
10109	6.60
22785	6.60
8109	6.60
8965	6.60
28155	6.60
9795	6.59
105	6.59
4383	6.59
2836	6.59
2771	6.59
2637	6.59
13139	6.59
30721	6.59
23121	6.59
31121	6.59
920	6.59
21571	6.59
27967	6.59
14647	6.59
32301	6.58
6093	6.58
8215	6.58
1988	6.58
10202	6.58
19685	6.58
6310	6.58
2045	6.58
4316	6.58
8496	6.58
5938	6.58
683	6.58
6555	6.58
11853	6.57
28511	6.58
836	6.58
31608	6.58
30218	6.57
14173	6.58
5454	6.58
7176	6.57
8815	6.57
22053	6.57
1600	6.57
1159	6.57
20539	6.57
5844	6.57
7550	6.57
1527	6.57
163	6.57
28861	6.57
6705	6.57
599	6.57
6119	6.56
7157	6.56
2809	6.56
12497	6.56
1570	6.56
9333	6.56
2367	6.56
3810	6.56
2503	6.56
2234	6.56
10739	6.56
21695	6.56
29419	6.56
14675	6.56
4154	6.56
5772	6.55
6629	6.55
348	6.55
2142	6.55
382	6.55
27907	6.55
3683	6.55
31566	6.55
32274	6.55
31534	6.57
23399	6.55
761	6.55
3535	6.55
19799	6.55
2237	6.55
1872	6.55
817	6.55
8966	6.55
1900	6.55
2535	6.54
374	6.54
32502	6.54
30143	6.54
12685	6.54
707	6.54
7158	6.54
3274	6.54
13159	6.54
7981	6.54
20931	6.54
7605	6.54
21679	6.54
9799	6.54
1816	6.54
3778	6.54
3114	6.53
2687	6.53
3546	6.53
10207	6.53
576	6.53
2277	6.53
3875	6.53
20033	6.53
33102	6.54
2806	6.53
5353	6.52
2564	6.52
1221	6.52
13137	6.52
32412	6.51
23831	6.52
5265	6.52
30291	6.53
215	6.52
5845	6.52
6743	6.52
14693	6.52
1333	6.51
17147	6.51
28913	6.51
5956	6.51
22113	6.51
1918	6.51
5466	6.51
34239	6.47
2168	6.51
988	6.51
32684	6.51
8553	6.51
3417	6.51
6096	6.50
18669	6.50
769	6.50
833	6.50
10528	6.50
14889	6.50
10262	6.50
28915	6.50
23697	6.49
18845	6.50
1217	6.50
22361	6.51
9403	6.50
4537	6.50
2464	6.50
6148	6.50
1295	6.49
4418	6.49
1753	6.49
1158	6.49
31630	6.49
1851	6.49
1193	6.49
1884	6.49
2046	6.49
33038	6.49
2550	6.49
5056	6.49
21703	6.49
14935	6.49
24935	6.49
6251	6.49
30246	6.49
1734	6.48
4667	6.48
4070	6.48
13169	6.48
31967	6.48
7816	6.48
1428	6.48
6130	6.48
3619	6.48
2085	6.48
4459	6.48
3065	6.48
24763	6.48
15119	6.48
28603	6.48
16415	6.48
2631	6.48
8547	6.47
15093	6.47
3482	6.47
3884	6.47
5223	6.47
8373	6.47
32993	6.47
27629	6.47
3977	6.47
30166	6.47
3704	6.47
31683	6.46
7667	6.46
17785	6.46
1883	6.46
10802	6.46
2233	6.46
10219	6.46
6303	6.46
610	6.46
6674	6.46
17777	6.46
16099	6.46
3472	6.46
10306	6.46
2008	6.46
6075	6.45
6107	6.45
29998	6.45
722	6.45
13955	6.45
21495	6.45
6413	6.45
910	6.45
10028	6.45
3660	6.45
470	6.45
11773	6.45
1701	6.44
458	6.44
10666	6.44
1865	6.44
133	6.44
1057	6.44
5132	6.44
952	6.44
28385	6.44
6331	6.44
4853	6.44
4578	6.44
6731	6.44
6693	6.44
2822	6.43
29722	6.43
4737	6.43
3858	6.43
31804	6.43
2307	6.43
3881	6.43
2571	6.43
13969	6.43
31750	6.43
11445	6.44
2024	6.43
33056	6.42
8548	6.42
7017	6.42
3278	6.42
2260	6.42
4049	6.42
31845	6.42
19257	6.42
8960	6.42
9015	6.42
25257	6.42
31540	6.42
8961	6.42
6127	6.42
6234	6.42
17681	6.42
14077	6.41
33314	6.41
23985	6.41
1679	6.41
4928	6.41
2422	6.41
3276	6.41
555	6.41
1280	6.41
18639	6.41
2027	6.41
8985	6.41
5112	6.40
6287	6.40
5375	6.40
2474	6.40
16740	6.40
28911	6.40
2075	6.40
2526	6.40
6227	6.40
1503	6.40
749	6.40
13681	6.40
980	6.40
1500	6.40
10594	6.40
30751	6.40
4420	6.40
4591	6.40
26189	6.39
34173	6.39
14277	6.39
6062	6.39
8157	6.39
2281	6.39
7505	6.38
1591	6.39
15881	6.39
25365	6.40
23433	6.39
2679	6.39
4533	6.39
9100	6.39
12123	6.39
13859	6.38
301	6.38
29165	6.38
1337	6.38
16912	6.38
581	6.38
23341	6.38
19351	6.38
1547	6.38
6437	6.38
3512	6.38
2700	6.38
28593	6.38
454	6.37
12581	6.37
4443	6.37
10524	6.37
8149	6.37
3175	6.37
16149	6.37
28179	6.37
9290	6.37
7108	6.37
8011	6.37
11699	6.37
2885	6.36
28713	6.36
337	6.36
15313	6.36
2840	6.36
24531	6.35
10194	6.35
25839	6.35
6628	6.35
21997	6.35
2059	6.35
31923	6.35
9523	6.35
2406	6.35
4451	6.35
5475	6.35
2566	6.35
6822	6.35
3290	6.35
8240	6.35
1630	6.35
27619	6.34
2309	6.34
2023	6.34
693	6.34
6645	6.34
8550	6.34
14073	6.34
6557	6.34
8150	6.34
7596	6.34
30155	6.34
12579	6.34
8141	6.34
6994	6.34
10465	6.34
1162	6.34
24713	6.34
8848	6.34
9587	6.34
11595	6.34
30912	6.34
7759	6.34
25169	6.34
31668	6.35
30178	6.34
33023	6.34
1994	6.33
11769	6.33
16646	6.34
511	6.33
23367	6.33
30652	6.33
818	6.33
1100	6.33
21507	6.33
5308	6.33
6425	6.33
6496	6.32
9598	6.32
7723	6.32
1856	6.32
3723	6.32
33795	6.32
445	6.32
4033	6.32
19029	6.32
24699	6.31
6077	6.31
231	6.31
25965	6.31
12485	6.31
1552	6.31
32065	6.31
31091	6.31
6695	6.31
2244	6.31
309	6.30
6095	6.30
8152	6.30
21809	6.30
3155	6.30
1188	6.30
4566	6.30
29035	6.30
30390	6.30
6899	6.30
6900	6.30
2102	6.30
773	6.30
13967	6.30
4584	6.30
7463	6.30
15979	6.29
8196	6.29
24417	6.29
7247	6.29
11873	6.29
32039	6.29
10263	6.29
17879	6.29
7939	6.28
4419	6.28
3962	6.28
841	6.28
904	6.28
3020	6.28
1427	6.28
14519	6.28
14583	6.28
5314	6.28
11791	6.28
5474	6.28
18755	6.27
23409	6.27
14095	6.27
2049	6.27
4129	6.27
2332	6.27
7468	6.27
11547	6.27
10525	6.27
686	6.27
9794	6.27
648	6.27
6074	6.26
2823	6.26
1283	6.26
2287	6.26
1056	6.26
10477	6.26
3406	6.26
2092	6.26
1909	6.26
8792	6.26
854	6.26
2388	6.26
5462	6.26
28251	6.22
31551	6.26
14949	6.26
7739	6.25
2414	6.25
7597	6.25
426	6.25
5287	6.25
3889	6.25
6932	6.25
8431	6.25
24835	6.25
571	6.25
30686	6.25
5080	6.25
10301	6.25
9768	6.25
8964	6.25
11099	6.25
2015	6.25
204	6.25
7770	6.25
4444	6.25
767	6.24
2827	6.24
7427	6.24
2473	6.24
6965	6.24
5783	6.24
32959	6.24
1093	6.24
8464	6.24
7549	6.24
31669	6.24
18003	6.24
1885	6.23
8842	6.23
13965	6.23
4616	6.23
1228	6.22
21999	6.22
17727	6.22
23735	6.22
1955	6.22
2851	6.22
13927	6.22
6889	6.22
25967	6.21
6484	6.21
2693	6.21
2322	6.21
1234	6.21
766	6.21
669	6.21
2791	6.21
17237	6.21
23037	6.20
2723	6.20
19165	6.20
932	6.20
588	6.20
8180	6.20
1874	6.20
1175	6.20
1940	6.20
2421	6.20
32816	6.20
13983	6.20
5628	6.19
19959	6.19
2824	6.19
12447	6.19
16508	6.19
1990	6.19
9098	6.19
1452	6.19
31581	6.19
16738	6.19
15043	6.18
2892	6.18
545	6.18
12393	6.18
7004	6.18
20587	6.17
310	6.17
29876	6.17
19431	6.17
25429	6.17
10908	6.17
8316	6.17
28811	6.17
624	6.17
25635	6.17
30648	6.17
3787	6.17
32353	6.16
7164	6.16
1106	6.16
23179	6.16
33281	6.17
32805	6.16
10796	6.16
28925	6.16
10766	6.15
8409	6.15
3759	6.15
10261	6.15
17719	6.14
18365	6.14
1155	6.14
22381	6.14
25889	6.14
6076	6.13
8130	6.13
16345	6.13
25441	6.13
1786	6.13
17871	6.13
2163	6.12
10501	6.13
29823	6.12
8490	6.12
881	6.12
1284	6.12
23099	6.12
5027	6.12
18205	6.12
12665	6.13
33392	6.11
319	6.11
17351	6.11
33201	6.11
216	6.11
29758	6.11
28815	6.10
31827	6.10
32349	6.10
31865	6.10
31072	6.10
21067	6.10
25049	6.10
3849	6.10
12145	6.09
8551	6.09
2079	6.09
25999	6.09
3630	6.09
23423	6.09
33164	6.09
31890	6.09
6641	6.09
5920	6.09
19397	6.09
6443	6.08
294	6.08
6993	6.08
321	6.08
28247	6.08
6311	6.08
12881	6.08
23903	6.08
5931	6.07
2465	6.07
1769	6.07
3095	6.07
25875	6.07
2183	6.06
6419	6.06
31109	6.06
31035	6.06
7461	6.06
8443	6.06
14045	6.05
10679	6.06
1711	6.06
1226	6.06
19133	6.06
15743	6.06
18109	6.05
3157	6.05
8213	6.05
275	6.05
1098	6.05
8176	6.05
366	6.04
33548	6.04
2607	6.04
307	6.04
23679	6.04
31018	6.03
22835	6.03
5472	6.03
2527	6.03
31793	6.03
4688	6.03
4130	6.03
32521	6.02
31790	6.02
18599	6.02
17397	6.02
1623	6.02
16317	6.02
9087	6.02
1643	6.02
1625	6.02
17127	6.01
824	6.01
22983	6.01
16636	6.01
7915	6.01
8706	6.01
24275	6.00
31738	6.00
8241	6.00
982	5.99
17733	5.99
2072	5.99
510	5.99
28419	5.99
1939	5.99
30813	5.99
18419	5.98
26079	5.98
33911	6.00
7466	5.98
9205	5.98
11715	5.98
1440	5.98
8963	5.98
1790	5.98
4660	5.98
30746	5.97
9627	5.97
33244	5.97
2910	5.97
34367	5.97
6355	5.97
6792	5.97
16405	5.96
23551	5.95
668	5.96
13233	5.96
20557	5.95
23781	5.95
1620	5.95
9608	5.95
23213	5.94
5875	5.94
5842	5.94
23229	5.94
27613	5.94
32571	5.94
33105	5.94
16648	5.94
27757	5.93
32954	5.93
1685	5.92
7561	5.92
2080	5.92
31143	5.92
786	5.92
23895	5.92
8664	5.92
3863	5.92
8631	5.92
16319	5.91
11717	5.91
4452	5.91
13299	5.91
1989	5.91
2727	5.91
983	5.90
2525	5.90
16183	5.90
26085	5.91
33746	5.89
30382	5.89
24637	5.89
7807	5.89
16377	5.89
32454	5.89
9365	5.89
15391	5.88
1743	5.88
33771	5.86
1992	5.86
2278	5.86
6907	5.86
3328	5.86
23595	5.86
21775	5.86
17267	5.85
10958	5.85
1271	5.85
3736	5.85
23029	5.85
2522	5.85
31073	5.85
10813	5.84
16169	5.83
31157	5.84
17387	5.83
4104	5.84
33213	5.84
281	5.83
13249	5.83
33549	5.83
21427	5.83
1936	5.83
31549	5.83
33274	5.82
16936	5.81
695	5.81
31310	5.81
1058	5.81
625	5.81
6947	5.81
1411	5.81
33912	5.79
10520	5.80
10735	5.80
19469	5.81
9561	5.80
2837	5.79
9741	5.79
816	5.79
2529	5.79
991	5.79
20713	5.78
2081	5.78
29825	5.78
11661	5.78
13141	5.78
19945	5.78
8643	5.77
5648	5.77
3127	5.77
4042	5.77
33011	5.99
10391	5.77
8660	5.77
25891	5.77
29822	5.76
13089	5.76
4939	5.76
3886	5.76
6684	5.75
32699	5.75
9324	5.74
17707	5.74
32875	5.74
3640	5.73
354	5.73
28813	5.72
15893	5.70
2780	5.72
3929	5.72
2053	5.71
4150	5.71
12501	5.70
24123	5.70
20869	5.70
24437	5.70
34013	5.69
20329	5.69
19925	5.69
22225	5.69
16371	5.69
11659	5.70
2384	5.69
32737	5.68
8220	5.68
2058	5.68
2524	5.68
5799	5.68
1656	5.68
25975	5.67
33544	5.67
26015	5.66
1105	5.66
10258	5.66
7721	5.66
29515	5.65
305	5.64
2839	5.64
22955	5.64
10347	5.64
964	5.64
18133	5.64
30826	5.64
33462	5.63
1741	5.63
17697	5.63
31498	5.63
10355	5.63
25439	5.62
10838	5.62
7450	5.62
13479	5.62
31519	5.62
8701	5.61
2258	5.61
10801	5.61
1613	5.61
2391	5.61
29141	5.60
18603	5.63
6525	5.60
2719	5.59
20581	5.59
17849	5.59
31807	5.59
3597	5.58
25973	5.58
31747	5.58
18375	5.57
30489	5.57
32854	5.57
7244	5.56
2790	5.56
13519	5.56
10979	5.55
7451	5.55
3517	5.55
31115	5.56
32084	5.55
7255	5.54
5246	5.53
13369	5.53
5549	5.53
19755	5.53
16373	5.53
33692	5.53
11389	5.52
7782	5.51
19207	5.51
8710	5.51
28809	5.50
31494	5.50
17161	5.50
1515	5.50
32934	5.50
18425	5.49
2147	5.48
6131	5.48
2317	5.48
17843	5.48
13515	5.48
27687	5.48
31439	5.48
33245	5.47
3026	5.47
32606	5.47
1725	5.46
30840	5.46
28057	5.45
30600	5.46
1059	5.45
10674	5.45
27927	5.45
7523	5.44
7569	5.44
6318	5.44
29673	5.44
30739	5.44
12561	5.42
1075	5.42
7448	5.42
1596	5.41
1528	5.41
2897	5.41
14743	5.40
8679	5.40
4176	5.40
5304	5.39
33693	5.43
12865	5.38
16389	5.38
15389	5.38
7449	5.38
17163	5.38
11729	5.38
31426	5.38
13087	5.38
5025	5.37
1751	5.37
8935	5.37
7243	5.37
28531	5.36
18457	5.36
15045	5.36
14563	5.36
29701	5.36
15545	5.35
30782	5.34
33512	5.33
28245	5.33
24443	5.33
27785	5.34
23759	5.31
2796	5.30
31491	5.29
1053	5.29
3516	5.28
3799	5.28
33026	5.28
11679	5.27
7446	5.27
9506	5.27
681	5.27
1855	5.26
8958	5.26
2967	5.26
4390	5.26
7445	5.25
24363	5.25
2730	5.24
28827	5.24
33871	5.24
28049	5.24
21833	5.23
10003	5.23
33434	5.22
28051	5.22
29731	5.21
33545	5.21
4761	5.19
10406	5.18
9337	5.17
8952	5.17
7021	5.16
5880	5.16
4389	5.15
4392	5.15
2057	5.14
17159	5.14
765	5.13
22427	5.13
2232	5.13
9491	5.12
18047	5.12
31513	5.11
112	5.11
1621	5.11
1626	5.10
19811	5.10
6837	5.09
8957	5.07
33975	5.06
13715	5.06
8968	5.06
33541	5.04
12803	5.05
29865	5.04
18149	5.04
8716	5.03
10627	5.03
6346	5.01
29597	5.00
24847	5.00
7032	5.00
3112	5.00
17076	4.99
4966	4.97
5715	4.96
20153	4.94
32400	4.94
33042	4.94
19297	4.93
8604	4.93
31761	4.93
31139	4.92
6431	4.91
29105	4.90
1009	4.89
8751	4.89
13541	4.89
705	4.88
7501	4.88
20955	4.87
8647	4.86
7020	4.83
7882	4.82
1641	4.81
28981	4.80
31633	4.80
3113	4.78
33276	4.76
6654	4.76
13421	4.76
7026	4.73
31578	4.71
13793	4.70
788	4.65
30367	4.65
7029	4.65
8925	4.62
31471	4.62
32467	4.62
6840	4.59
29777	4.58
33282	4.55
13543	4.55
32906	4.54
7027	4.52
7030	4.48
9895	4.40
33696	4.39
31685	4.38
6828	4.27
20811	4.26
7024	4.16
30438	4.02
29978	4.00
16436	3.96
31686	3.86
30860	3.78
7617	3.75
16604	3.71
7022	3.68
7028	3.63
28929	3.63
16610	3.62
11883	3.46
11897	3.36
5877	2.95
16608	2.93
13405	2.14
6073	5.05
10139	6.63
27589	5.61
23149	5.81
29835	5.23
29750	5.67
33500	5.00
11541	5.29
32956	4.54
27557	5.57
24857	4.50
18635	6.09
30446	4.30
29836	4.57
29889	4.17
29842	5.00
29843	4.09
23779	4.88
19773	4.96
33655	6.79
22959	5.67
8723	5.84
25063	5.25
6520	6.32
30617	5.36
22851	5.14
24809	4.00
16261	5.76
33044	4.33
9796	6.00
30152	3.67
22247	5.60
30519	6.28
30156	5.91
31965	4.77
25963	5.71
26013	6.11
26017	6.23
30124	4.86
30125	4.89
20383	5.19
24373	6.58
9284	5.74
30093	3.89
30989	4.79
16514	6.19
29359	4.67
24087	5.76
29351	4.50
33550	4.81
33712	5.33
3909	6.68
8520	5.22
8521	4.77
9812	6.00
33950	8.60
24793	5.26
20109	7.31
8416	6.81
8417	5.80
9540	7.13
10210	6.30
31868	6.00
32237	5.00
33863	2.58
32738	4.38
23185	8.40
23187	6.00
30267	5.50
29821	5.32
29861	4.91
29820	5.13
29862	4.81
29860	4.71
17893	6.78
8025	5.63
11733	5.08
11731	5.33
31202	6.80
8501	6.36
32417	5.50
32418	4.33
32419	4.43
33859	3.00
9383	7.83
22755	4.28
16303	6.00
14623	5.78
17457	6.75
5908	6.15
10039	5.70
10040	6.00
6687	6.00
31211	7.20
23191	6.00
34259	6.00
21433	4.52
21545	6.44
23511	5.72
8853	6.62
31690	5.00
9998	6.05
34409	5.75
28829	3.62
30818	6.80
32944	4.53
13501	4.45
13503	6.90
13505	5.78
13511	5.00
13509	4.29
13507	5.13
30247	5.63
25985	5.00
25977	5.58
29749	4.48
30050	6.00
5990	5.98
33661	6.83
31978	7.30
33534	4.70
7956	6.19
6760	5.23
6759	5.96
6762	6.15
6761	5.59
10887	6.07
8258	5.88
17703	6.25
31436	4.60
14631	6.27
30893	4.00
27551	7.14
23189	7.08
31644	3.57
23855	5.25
17131	5.10
7750	6.00
9869	5.18
31746	5.09
34207	6.00
15957	5.62
13781	6.04
9499	5.64
19901	6.75
24663	7.50
20077	6.75
20083	6.00
7498	4.51
31555	6.79
28367	6.19
30453	7.11
30420	5.94
28371	6.97
28369	6.84
30450	6.17
30449	6.70
29687	5.19
32582	5.13
32926	4.25
8179	5.45
20201	5.20
9028	6.37
20385	6.00
27369	5.00
32010	6.46
30026	6.50
3243	6.55
33986	6.29
10000	6.52
19997	6.00
8749	4.45
30173	5.52
10533	5.75
33864	3.58
10997	5.72
33872	4.40
23969	6.67
23971	7.40
30342	6.86
30556	4.80
22345	3.92
20093	6.56
20095	6.25
33659	5.15
17623	4.86
30530	4.75
24355	3.48
23607	5.00
23609	4.78
9345	6.53
29445	6.29
12243	5.85
10852	4.96
23347	6.70
9464	6.08
8862	6.06
20199	6.67
16908	5.83
10995	5.75
32835	6.00
33325	5.78
18377	5.33
31237	5.36
20243	7.07
24071	6.71
21525	5.00
8155	6.66
8158	6.23
8156	6.56
8154	6.53
8153	6.38
18527	4.83
10540	5.50
9351	6.65
19501	5.50
34464	5.29
14067	6.00
34205	5.00
27621	6.02
33501	4.71
23245	4.70
23107	7.17
22669	4.25
30796	5.50
23815	5.22
7177	6.50
31699	6.00
24093	6.40
5477	7.00
27521	5.60
33290	3.92
32834	3.11
30602	4.75
19751	5.58
18521	5.09
30046	4.79
8500	6.71
8764	6.46
8763	6.47
18937	6.85
19495	6.56
31255	4.75
19463	4.60
20239	6.50
20873	5.10
22953	3.96
8336	5.42
17263	6.20
30086	4.26
9811	6.75
23651	6.60
12643	5.25
30411	5.38
15913	7.15
24877	4.70
17667	6.44
10539	3.62
23015	5.80
33562	7.60
2750	6.57
18389	5.78
19961	6.77
24465	6.86
25871	6.04
11521	5.84
22439	5.94
22441	6.38
4417	6.04
30512	5.21
11203	6.33
15479	6.32
24089	5.00
7175	6.17
30470	6.20
22821	6.70
13207	5.37
32892	5.14
18241	7.00
13431	6.62
8355	5.47
8356	5.06
8357	5.27
30753	6.40
13499	4.33
13433	6.10
30752	6.00
22985	4.78
26009	5.31
21549	4.88
5207	3.97
5927	6.18
8191	6.07
8192	6.00
3414	6.09
19681	6.63
10238	5.00
9518	6.90
3164	7.10
20079	7.33
20081	5.75
21053	5.44
21467	6.31
21475	6.86
23575	5.90
3973	6.24
24577	6.17
8786	6.80
34502	nan
28235	7.22
24051	5.06
24501	5.20
10847	5.47
33387	4.22
19583	5.13
28021	8.00
28427	5.58
31903	6.00
23183	7.00
20025	7.33
32107	5.84
28071	5.75
27561	4.17
30954	6.61
33779	5.89
10247	6.31
32252	6.67
3947	7.11
24041	8.33
32707	5.89
28489	5.14
26331	7.33
17291	6.94
20835	5.96
29752	3.59
10889	6.80
25057	5.67
33867	6.40
33870	4.17
33869	3.92
33868	4.17
29748	6.33
33695	3.41
30457	6.19
29746	5.67
31599	4.17
33219	7.29
22975	5.88
22977	6.22
30777	4.90
32197	4.60
19087	5.65
15067	5.81
30313	5.00
19587	6.73
19987	6.75
30704	5.13
23613	5.86
19993	6.20
13817	6.00
30154	6.00
13819	5.41
30149	3.67
30150	4.67
13831	5.76
13823	4.92
30148	4.50
13821	5.58
13825	5.20
13827	5.79
30151	6.25
24977	5.11
31604	4.38
30442	4.45
31605	5.11
31603	4.25
30443	3.74
30444	4.14
21913	4.76
20123	5.43
29361	3.78
20127	6.50
6366	6.27
28361	4.55
9832	6.04
10797	6.77
17489	6.11
8244	4.63
8353	5.04
28965	5.83
23085	6.67
8883	5.61
22595	4.91
22597	5.00
34233	7.00
32989	5.78
33034	7.23
3277	6.30
3275	6.44
3279	6.22
31071	4.14
32408	4.31
33858	3.46
33915	4.25
25061	5.38
30048	4.20
19585	6.72
22511	5.38
34503	3.40
33877	7.00
33874	6.96
33882	7.00
33880	6.64
33876	7.29
33878	7.05
33875	6.95
33879	7.20
33454	7.77
33881	7.18
30235	4.50
6261	6.42
23829	5.17
24073	5.50
27519	5.53
28885	4.78
17599	5.75
10564	5.90
23733	4.60
33854	5.40
7189	5.07
8595	6.18
33123	3.80
31239	6.75
33226	6.13
20117	5.63
24159	5.64
6571	5.90
23097	6.20
24797	3.00
9339	6.33
11197	6.30
17669	6.88
30395	3.20
17749	6.71
17753	6.70
18773	6.50
20603	4.58
31539	5.71
6206	4.50
9947	6.04
30098	5.94
30096	6.71
30099	6.15
31673	7.05
31674	7.09
23597	6.31
31054	5.05
32310	3.52
33782	5.25
18155	6.18
32823	7.50
33443	7.40
31984	5.50
30057	4.20
4905	5.47
30673	4.43
30873	6.71
15915	5.30
22827	6.00
22981	6.60
22979	6.50
33358	6.00
30094	3.79
8889	5.45
9818	7.18
30051	6.11
9817	7.02
30052	6.25
9819	6.81
8372	5.41
33551	5.26
33552	5.62
33542	5.13
33705	5.50
33547	5.08
12185	6.56
16994	5.06
3180	6.50
10136	6.67
30139	5.44
10135	6.36
30107	5.80
20241	7.33
33300	6.50
24683	5.14
28237	5.46
19873	6.20
16590	7.00
30781	4.59
33843	3.38
10239	5.38
8442	6.22
9821	6.79
9820	6.38
9334	6.25
6727	6.36
24259	2.55
27559	6.23
7751	6.90
30723	5.56
5994	7.26
8522	6.08
25661	7.00
12259	6.53
20453	5.43
32402	4.10
7452	4.78
31410	6.10
23729	5.00
16159	5.43
25053	6.82
34519	5.67
33225	6.19
32158	5.57
33228	5.64
6067	7.33
11959	5.89
23881	4.82
25547	3.78
23885	5.00
31116	4.08
11533	6.35
22671	5.15
9797	6.08
19479	6.20
31369	4.92
7529	6.13
20001	6.33
12391	7.10
31643	4.40
17603	6.13
17605	5.78
31638	4.71
33694	4.00
32876	5.60
34309	nan
19797	5.00
19783	6.00
8959	4.06
30398	3.52
33861	3.50
18631	5.18
9498	6.00
19745	7.29
19753	6.88
19749	7.14
19729	7.00
33279	4.50
29715	5.02
32276	3.67
32275	8.00
32136	4.83
5184	7.25
25253	5.74
31361	6.67
33398	2.80
32999	3.63
23737	7.13
24573	5.57
29851	3.43
29844	4.55
12181	6.67
8890	6.64
8891	6.57
25059	5.88
30177	5.81
29233	5.76
23647	6.00
21493	5.88
31517	5.50
21491	6.56
9455	6.41
32773	5.75
31033	6.07
31034	6.67
9303	5.38
8205	6.13
23013	6.00
30305	5.50
16393	7.17
3514	6.90
5089	6.48
24773	4.75
31019	5.80
31020	6.86
33283	3.83
22585	6.40
22849	5.62
24845	5.54
9810	6.75
24403	4.00
19305	5.44
30144	5.10
16970	6.53
26317	8.33
22991	6.60
22993	5.60
28101	4.75
20075	6.47
9070	7.36
18469	5.75
7575	6.17
25139	6.38
18815	5.93
19897	6.57
34234	2.75
16530	7.77
16730	7.09
16480	5.00
16482	5.64
31672	3.67
13091	4.41
23865	6.43
10353	5.67
22275	6.07
17624	6.89
29846	5.25
2742	5.68
14947	5.73
22541	4.98
28185	5.05
32666	4.31
20085	6.80
21539	6.63
19831	7.13
25809	5.71
32087	6.29
32088	6.40
19879	6.52
34238	7.55
20023	6.83
29635	4.40
19559	5.78
33414	5.00
30905	5.17
28089	6.00
20185	6.73
29611	6.75
28595	5.47
32842	4.17
30417	3.60
33002	4.50
10953	6.38
30403	3.33
22591	5.75
24121	5.60
33310	6.60
33913	4.75
19849	4.75
27399	5.10
29729	3.72
32143	4.00
32147	4.08
33789	4.73
22675	4.67
22631	4.88
22635	4.12
22633	3.94
17359	5.19
25941	4.35
32145	5.70
32146	4.67
4331	6.70
10856	6.27
10855	6.88
6063	4.70
34156	7.24
32736	5.27
29613	5.89
30646	5.29
3458	6.05
15897	6.83
31464	5.00
31465	4.92
20005	5.71
5018	5.06
34235	5.67
31642	6.25
30803	6.73
31667	3.00
31647	3.41
23089	6.33
22593	4.85
24811	3.39
25983	5.91
18339	4.50
18341	4.75
32148	5.08
9426	5.90
9533	5.86
9542	5.94
10459	5.49
11589	5.79
19009	6.80
15873	7.13
5240	7.03
23889	6.80
30095	6.78
33258	3.69
16526	6.67
10607	6.64
19467	6.13
13459	4.83
3073	6.00
9536	5.22
31302	3.81
31898	4.85
20147	6.17
29375	5.00
19875	6.54
7211	6.40
30138	7.67
33078	6.00
32559	4.29
33856	6.00
33857	4.00
3869	6.65
5810	5.93
21483	7.33
31052	5.33
23867	5.25
27681	6.00
32734	4.07
28615	6.14
10850	4.12
16245	6.14
33163	4.39
10045	6.22
17835	6.41
10241	5.92
8955	5.47
8041	5.76
28887	4.50
15961	7.60
30097	6.52
25979	5.09
26007	4.54
32796	9.00
32797	6.75
33193	6.67
33195	7.07
33194	6.33
33196	7.08
10506	6.50
9404	6.69
18683	6.00
18939	6.60
18941	6.50
32014	8.00
18943	6.17
20963	4.75
9885	5.29
21547	5.00
21487	7.18
21489	5.90
7980	5.78
22657	4.90
10633	5.35
2712	5.44
33415	5.75
9349	5.67
10369	6.26
7092	5.14
33199	6.00
8829	6.00
8832	5.63
32884	5.00
17211	7.28
33855	6.32
10541	5.32
11611	5.09
11609	5.52
13551	6.27
19999	7.18
8143	5.00
21941	5.82
16988	5.64
21933	5.06
21935	4.94
21973	5.07
21937	5.12
10061	5.89
21943	5.35
21945	5.25
9007	5.74
27371	5.30
17213	5.19
22037	5.64
17004	5.69
21947	5.47
17215	5.35
27569	5.55
21951	5.38
21953	5.71
27491	5.47
27571	5.44
16163	6.07
21957	5.33
21955	5.33
21959	5.68
10056	5.61
22035	4.94
29901	6.75
21291	5.50
21961	5.35
18355	6.00
9446	5.58
9451	5.88
32676	7.25
27373	5.64
21975	5.74
27683	4.83
23617	6.44
17219	6.24
21293	5.41
17006	5.06
10060	5.93
10684	5.14
21295	4.94
18357	5.43
10057	5.54
21963	5.00
10059	6.73
10685	5.39
21297	5.20
14381	5.59
21967	5.88
21969	6.05
21971	5.38
27493	5.38
10058	6.43
33188	3.00
11497	7.00
31238	5.68
10989	5.61
3575	6.89
25101	4.54
24969	4.07
26011	5.22
6583	6.55
17991	5.76
17989	5.00
30013	5.15
6981	7.19
16454	5.91
34490	3.00
2701	6.69
22845	6.25
26035	7.00
8644	5.62
9562	5.63
32590	4.00
33662	10.00
13435	4.23
19535	7.17
30153	3.57
32142	4.22
3937	6.75
31691	6.10
19843	7.00
30232	6.75
30754	7.13
15865	6.41
33543	5.21
31486	6.62
17487	6.50
32149	5.00
31861	8.00
25987	5.75
18907	4.50
2930	4.33
23723	4.69
30582	5.20
22065	5.90
7629	6.50
8524	6.77
9949	6.17
9956	5.50
32593	4.64
8081	5.63
8189	6.38
30537	6.06
19991	7.63
20125	5.17
33533	6.33
13457	5.42
26287	6.80
10242	6.54
20233	6.33
9825	6.78
23769	5.54
5278	6.57
28685	4.91
12341	3.64
21509	5.00
6917	7.13
5473	6.78
9175	5.54
10943	6.73
32889	5.33
32890	6.00
3975	6.68
29283	5.42
33086	3.82
17649	6.36
8345	6.38
10250	5.52
10244	5.54
4682	6.15
4681	6.30
11695	5.25
30122	5.31
12835	6.53
12861	6.38
16253	6.38
6658	3.25
33085	6.20
4598	5.78
33787	5.00
6528	6.41
30605	4.60
25599	4.29
25597	6.13
30029	5.57
24447	7.50
20145	6.23
2708	5.71
6868	6.13
21161	6.57
33916	4.56
29747	6.00
30083	4.44
22219	8.67
33791	5.04
22503	5.92
29099	5.45
30875	5.50
33099	5.60
29363	6.48
33776	5.85
22711	6.17
12005	5.71
12039	7.13
12037	6.14
33357	7.20
4088	6.73
30767	6.36
12809	6.78
7419	6.32
22757	4.58
24839	4.21
31150	5.87
9973	5.26
18491	5.26
6156	5.16
18489	5.74
32751	7.30
32933	4.00
32807	5.67
32820	6.33
32819	5.67
32821	5.67
32808	4.00
32818	6.33
32809	5.67
24603	5.89
32916	3.75
18817	6.00
33933	4.44
25749	6.48
29739	4.32
21277	4.50
21275	4.00
7646	5.08
25589	6.50
25815	7.50
31317	5.33
12781	5.62
31170	4.78
12771	6.09
24981	5.75
15657	3.67
3500	7.00
5841	5.92
33846	4.74
29751	5.25
5821	6.44
33571	5.00
33570	4.73
5234	6.22
23313	5.82
10987	6.55
22709	7.00
23315	6.80
33339	6.96
31427	7.17
32733	5.38
19717	5.10
32557	4.33
30089	4.95
30090	3.54
7808	6.47
18967	6.13
13455	7.00
34096	nan
34134	nan
33486	nan
32937	nan
33417	nan
30727	nan
32887	nan
33487	nan
31783	nan
33852	nan
33674	nan
33489	nan
32901	nan
33010	nan
33839	nan
33818	nan
33354	nan
34525	nan
28377	nan
34257	nan
34244	nan
33988	nan
34299	nan
33672	nan
30778	nan
34100	nan
33731	nan
33457	nan
34280	nan
34488	nan
33378	nan
34403	nan
34016	nan
21877	nan
33948	nan
34012	nan
33089	nan
33206	nan
31812	nan
34106	nan
34021	nan
17947	nan
31445	nan
34277	nan
34264	nan
32447	nan
34148	nan
33949	nan
34262	nan
33185	nan
33447	nan
33019	nan
32262	nan
33726	nan
34494	nan
34456	nan
33036	nan
33013	nan
33308	nan
32596	nan
34416	nan
33473	nan
33581	nan
34019	nan
34076	nan
32924	nan
32222	nan
34471	nan
8634	7.59
5774	7.36
3210	7.25
741	7.06
3375	7.02
5719	7.00
5762	6.98
4473	6.89
2681	6.77
2417	6.76
221	6.75
10792	6.61
3239	6.54
217	6.49
746	6.47
2917	6.47
32016	6.46
8339	6.43
316	6.40
2021	6.40
214	6.39
188	6.38
3300	6.36
1331	6.32
3329	6.27
4164	6.27
651	6.26
1558	6.26
3109	6.19
213	6.19
1405	6.14
3078	6.12
2469	6.10
1496	6.00
2540	6.00
4340	5.98
1383	5.95
2721	5.94
4775	5.92
3040	5.72
4260	5.72
3402	5.72
6097	5.68
4161	5.63
3211	5.63
3633	5.61
4149	5.51
31283	5.50
4693	5.45
9851	5.31
7162	5.31
5383	5.24
11825	5.20
30663	5.15
4369	5.11
3910	5.08
17823	3.56
17825	3.11
23677	2.86
18197	4.14
18199	4.00
12397	4.66
