1	0.012920959459680713
5	0.002030709630491887
7	0.00022076076504680086
31405	0.00016235718836028756
16	0.003134367230233253
18	0.0004466961468329708
19	0.013498201138567043
32792	0.0001271414857185181
26	0.00043510264484193867
29	0.00016507650413962932
30	0.0026566081153765668
31	0.0002942016259102758
32	0.001966296529330297
33	0.002379920606836543
32804	9.749202090276114e-05
8230	0.00010810077307281578
44	0.009199763035265969
46	0.0002556357375658075
8239	9.149068613151056e-05
16434	0.0011789728824395953
51	0.000117025252676749
52	0.000209591443852179
53	0.00020493672877142232
54	0.003560146896896759
8248	0.0008071533222072736
57	0.0018606402356634844
58	0.00018162316421708712
59	0.00046637996685106536
62	0.0001363135226403866
64	0.0020217214905433106
65	0.0003034759207565743
24645	9.12502624842492e-05
24647	9.073790334950793e-05
75	0.0001859863867994629
76	0.00030279039834385594
77	0.0004930327845941495
79	0.0002443350630662385
81	0.0005904807796217758
82	0.0003221687195682923
83	0.00013044420468424862
84	0.00019599362292649694
85	0.00043909825540008527
86	0.0001312393202898521
87	0.0003247115989858825
88	0.00014050289328574947
89	0.00012159201453974067
90	0.000392285841702272
91	0.00025370245339537237
92	0.00014517366186977477
93	0.0006082819827471692
94	0.00022730655166735436
95	0.0002312457137040803
96	0.00016979624748777498
98	0.00034196432669400415
99	0.0001899471846635162
100	0.00013196545434877854
101	0.0004952750647564474
102	0.000291761404612278
24679	9.152286217614078e-05
104	0.00018006641610176374
106	0.00016914237050702968
110	0.00010588902207119303
16498	0.006312471760669067
119	0.00012302526165752605
120	0.0005686050832855009
121	0.003268216132457285
122	0.00029823302578161606
123	0.00020782213557287948
124	0.0001051191380513424
126	0.0001266634021954006
128	0.00010178577449040204
129	0.00018356601680925686
130	0.00013467705238895704
13675	0.00010941038366799395
8324	9.119160357146924e-05
134	0.0004119435698565808
142	0.00014858600170235037
143	0.0001309124008088068
144	0.00013489843807747699
145	0.0020680659127361965
146	0.00013649805464050702
147	0.00027383127280524626
148	0.00010684950789502505
149	0.00016078005037864875
150	0.004065702646286061
154	0.00032968573674154746
155	0.00013764764908685568
156	0.0003056547247544787
158	0.00019160310862210595
160	0.0003387835452147858
165	0.0003586356575387777
167	0.0002766634519164882
168	0.0001829113407477082
170	0.0028394844900282434
171	0.0001007406858187746
173	0.0001435731439946174
32947	9.66416232227215e-05
185	0.0005801884097254097
186	0.0004114740514769595
187	0.00030166755301047865
190	0.00021487387058723503
193	0.00011768554264850546
195	0.00022247590496320106
196	0.0001504116605173126
199	0.016786066903475026
201	0.00019263075630647202
202	0.0009222333371672497
206	0.000168009189744205
209	0.00028297714492550173
217	0.00010577002759333952
219	0.00011945309431224117
8415	9.078121169617182e-05
226	0.0011720147530935956
32998	0.0002508731736145999
231	9.701545302070846e-05
232	0.0007649040059392949
8425	0.0009421486635396478
8426	0.0003367414497882394
236	0.00010949702199072124
237	0.0013144738162380247
239	0.0014454661689474173
242	0.00013855024733034447
15059	0.0002150287726023236
245	0.010056331929309449
252	0.00013363500413688848
256	0.0004983772563718207
258	0.00011366983487840649
260	0.00010716802035797496
263	0.0111385830465061
266	0.00011533486070629168
267	0.002330965692247649
272	0.0002681927758210921
273	0.00011706141154677818
277	0.00013193251753787055
16662	0.0007191442811240962
282	0.0001714263766555597
8475	0.00013956283800342932
284	0.0004724015183816501
285	0.0001244960966144643
289	0.0001016642647510076
291	0.0001254294390445782
292	0.00011382349214597958
294	9.81863700614848e-05
295	0.0001006676551591075
302	0.0003576025461907334
16690	0.00010958303668181595
308	0.00013645503506761104
311	0.00011332996237645632
312	9.550047827368098e-05
313	0.00011888064272105583
314	9.980861004946092e-05
315	0.00010273578011214575
320	0.00014253460472302614
322	0.00041398156857047516
323	0.0005521890894632374
325	0.00012939393861889837
328	9.513022882624623e-05
329	0.002542989071351694
330	0.00024207216614152507
333	0.00010456620727683297
334	0.0001479454910601278
338	0.0012996178730094279
339	0.000911015424642074
341	0.0001507471731375358
342	0.0001737550363012384
8249	9.66209402025671e-05
344	0.00014784221353536652
345	0.00023124658750596258
346	9.926966756874704e-05
349	0.00010015199637129519
8542	9.742379440900421e-05
355	0.0007995385869771566
358	0.00013478527259367737
360	9.40143480576403e-05
361	9.400107011112776e-05
362	9.459082108813519e-05
363	9.49922275659868e-05
369	0.00018918673707419228
371	0.00025067397977196303
372	0.0004904326932676881
33144	9.073128226491983e-05
381	0.00011618670816900608
384	0.00027378172555882956
385	0.00017582829905675242
387	0.0011783761294483477
390	0.00017044259931022152
8584	0.00010155038833688187
393	0.0001688634837930029
394	0.00016873949871498985
395	0.00020676708382718094
16782	0.001376166622590517
401	0.00065530524203157
33170	9.168030114119807e-05
5469	0.00010157360311353459
407	0.0001678353435885797
408	0.0002489038353588771
411	0.00017727336066097315
416	0.0006654136271857606
33192	0.00010044824386563444
427	0.00036556323804816653
428	0.0001333626454583683
429	0.00017436306276615024
430	0.0007263094206354882
431	0.006034543981058465
433	0.0007341534263907614
435	0.00018025600731277533
437	0.0011084392371432388
438	0.0001050656171672783
439	9.699292247446163e-05
440	0.0008789311253283844
441	0.0002428104341183124
442	0.000202750676111413
444	0.00020254698578884482
446	0.0001118905595623481
447	0.00011539131433135852
448	0.00014487842624134658
449	0.0001800153075119661
450	0.00021066558217632613
451	0.00025186784159538195
452	0.00019282508431831826
33221	0.00013415488527265593
32845	9.155478709964623e-05
33232	9.38930148637051e-05
470	0.0001109967368660669
471	0.00010604181766973237
472	0.0001078961088303583
473	0.00010124635685046263
474	0.00031395054863873537
475	0.00012955306029037913
476	0.00015756567549821495
479	0.00023643963343569636
483	0.0001689705414024945
489	0.0002196163522746306
25069	9.106028633965018e-05
496	0.00011039373439123309
503	9.848457655374718e-05
504	0.0001089117740126453
506	0.00013195988712614616
509	0.00012552605716783274
510	9.886368984285038e-05
25087	9.456967368020962e-05
512	0.0010976319537254
25089	9.106028633965018e-05
514	0.003614015492874932
519	0.00014279538822074993
8713	0.00011144198598280702
522	0.00024402205674049809
524	0.000157177454599618
525	0.00014529896497515098
526	0.00014387455166596768
528	0.00029231425577943974
529	0.0004544203870550216
531	0.00021304842827193422
532	0.00032839754914164174
33302	9.905378637801526e-05
543	0.0005952087355999405
546	9.980897249356187e-05
547	0.00010309457995517243
548	0.00013743913028644133
8743	0.00010142305252059525
553	0.0001330396369641329
554	0.00010923494760762161
556	9.635289422034102e-05
558	0.0006599368837573733
559	9.705407842603036e-05
560	0.00014559823613978658
565	0.00025797306067055554
25143	0.0001263818067020098
570	0.0005595827380868812
573	0.00014870738439694275
578	0.005720330750283508
584	0.0004238056352053788
585	0.0012048231180422672
587	0.00033715441170541487
589	0.00014843924015904084
2829	0.00015569181248193875
593	0.00021757107623438117
595	0.00014035749217391357
597	0.0005195146073919998
598	0.00010929864822954602
600	9.328128148774719e-05
604	0.00010829173432553946
25183	0.00025002583014843244
609	0.00013785880681029642
610	0.00010344779132855372
616	0.00018215434319493608
619	9.41186472831922e-05
620	0.0001400929420481582
622	0.00010653949158938344
627	0.0007616385858773316
17012	0.0004449590477493134
18397	0.00025211256738780306
633	0.0001237436345891584
634	0.00019979443552194844
635	0.00010202694990138462
636	9.976041095079467e-05
644	0.000330211305163377
647	9.379902463488154e-05
648	0.00010189642671359334
656	0.0002993198779664889
661	9.615837789495628e-05
664	0.00017947418003899602
665	0.00013436343637019248
666	0.0001716301714310962
667	0.00013504660687569916
8861	0.00014347777137774405
670	0.00014575490011126927
671	9.660512616369486e-05
675	9.465415056043801e-05
676	9.623865635103549e-05
677	9.882525194483066e-05
678	0.00010756759474143429
679	9.928544823712699e-05
685	0.00010017638718440334
688	0.00014291665250561132
689	0.00013877200551658755
690	0.00015769174724506273
691	0.00011352469678108866
693	9.925566613257732e-05
694	0.0001441731838315446
17080	0.00011980993291538548
4213	9.869264726384491e-05
704	0.0001093555766150052
706	9.968538694586361e-05
25283	9.994535204428342e-05
710	0.00026552335938031174
711	0.00010841931663481642
713	0.00022568502030281918
715	9.617140051883221e-05
718	9.849791465007739e-05
719	0.00018185003260193526
723	0.00011081442670118347
725	9.417079861999239e-05
730	9.183382085278827e-05
731	0.0004883578920833983
733	9.748007633362563e-05
734	0.00013237904125198017
736	9.48708976777394e-05
17121	0.0002243200275299896
741	0.00014952609501995472
743	0.00015201963651850485
8936	0.00011822203117552206
746	0.00010035889669884907
747	0.00011361037185371105
8481	0.00021075376984121407
752	9.18762072000462e-05
17137	0.0002216239118726369
754	0.00014713995346102364
756	0.00012001775623606724
757	0.00012395308189537383
758	0.00013312479108778494
759	0.0012910147145036594
760	0.0001459778751134179
762	0.00014862146664972755
766	0.00010082645095008913
770	0.00045151900293730074
771	0.00011379031664629854
17157	0.00010073234575159779
776	0.00010097277855188275
16514	0.00010875880831451822
782	0.00011750558482640086
785	0.00018017695990693578
789	0.00015412769657748896
791	0.00011124911835277656
793	0.0005518919845324995
795	0.00023017282067595453
798	0.00017356037365037639
799	9.786990552385973e-05
807	0.00020565657893149492
810	0.000105260054776326
811	0.00013194682440620004
812	0.00014023706172259048
818	9.717098468134835e-05
820	0.11284026211643654
821	0.00013690728669382455
822	0.00012779213482647675
825	0.00010355815917981783
834	0.00015863386992151548
835	9.257705584680104e-05
836	0.00010059563044190744
838	0.00010124238719638231
17223	9.082501279757517e-05
17233	9.115776778455372e-05
850	0.00012002152154170775
852	0.00012758314466643114
855	0.0002237357359481382
856	0.00045706364145671604
858	9.268913744639161e-05
859	0.0001335234714365835
861	0.0009642246644822153
863	0.00011174287945429184
873	0.00015591010438646276
874	0.00022434600779331116
876	0.00011179563390710501
877	0.0027820260434295624
879	0.0001900197359515026
9077	0.0001055003739799225
9078	0.00010580503692089524
17277	9.353599627633455e-05
9088	0.00015026497250748909
17295	9.224378498965172e-05
915	0.00010906588641980542
919	0.00011256912999134612
17307	0.0004647423525160674
33692	9.07464549269462e-05
930	0.00047016947209696194
936	0.00013762966166543252
942	0.00011305284974519493
25519	0.00017370195655149812
949	0.0005841725028662453
953	0.00020969846637606382
957	0.000365258848688807
959	0.00011148911891213008
960	0.00010576070900004618
963	0.00017840761258367725
967	0.00029692641834943206
969	0.0002970800481209256
9163	9.182423186471774e-05
9164	9.073024980282597e-05
9165	9.112785816740183e-05
9166	9.112785816740183e-05
979	0.00011346827508246877
985	0.00024944596409663406
990	0.00014108160118974448
25567	9.531210360122273e-05
993	0.00010791783237964781
996	0.0002947745332540447
997	0.0001804186421568737
998	0.00012761561189764324
999	0.00011855864864171982
1000	0.00025532315921463714
1001	9.936215295848971e-05
32935	0.0033006429580472976
1004	0.00037685977428687545
1008	0.00014581776159590067
28841	9.592661349885864e-05
1016	0.00016088562626701775
1019	0.00011020780180376295
1020	0.0001226573572144775
9213	0.0001818863502565522
1022	0.0001109396548404218
1023	0.0006499563535535572
1024	0.00010382318366369246
1029	0.00034374536984139173
1032	0.00011661735372616618
1033	0.0013983616093731948
1034	0.0003803439396308062
9228	9.073259149696642e-05
1039	9.95034967575179e-05
1041	0.000125883521534381
1042	0.00012307755668712384
1044	0.00013432966980453742
1047	0.00028009258147016457
1049	0.00017596648316096382
17437	0.00011469460002745639
1056	9.785457529745308e-05
9254	0.00011719991293251423
1065	0.00038398293781384334
1069	0.00010676026348661634
1071	9.414699971790586e-05
9264	9.327012660489213e-05
25649	0.00017073681441219155
1080	0.00012489242295570302
1081	0.0005244079608957674
1082	0.00010902396956304467
1083	0.00010150103458907374
1084	9.875957218487386e-05
1087	0.0002052205895511935
1090	0.0001947518020333922
1091	0.00020292453959330238
1092	0.00033299044890492156
33862	9.08408875275113e-05
1095	0.00024909014590317094
1096	0.00027009081450319624
1097	9.536182607445253e-05
1099	9.201528606915033e-05
1107	0.00012429453342967546
17493	9.089370806702562e-05
25687	0.0002018344203829884
1116	0.00015378200843418357
1117	0.00021965747955648778
1118	0.0001724655508298336
1119	0.00015758435705307713
1120	0.00017473962574039896
1121	0.00014849470501351961
1130	0.0001267718106573987
1132	0.00017342809704744034
33902	9.367322014701341e-05
1136	0.00011137918128546105
1137	0.00010711003150259774
1140	0.0002079232418363948
1141	0.00011568299610359244
1142	0.004868746248006214
1144	0.00012736673341924923
1145	0.0001342797892812733
9338	9.090647775897839e-05
25729	0.00010658575307975075
1154	9.233171172134465e-05
1156	0.00010102971334473103
9349	0.00010284585528466478
9353	9.645852649324155e-05
1168	0.00011829023749178766
1169	0.00010385790013747638
9367	0.00016829576484334906
25755	0.00010089824981393082
1184	0.00012205311319100467
1186	0.00010001594067784556
1187	0.00010611843437823115
33964	9.37823227438445e-05
17585	9.433959794383177e-05
1204	0.00016458766068621873
1206	0.0005096686381440313
1207	0.00010854960717175305
1210	0.00301241676752322
19135	9.126118273688844e-05
1214	0.00013766285435112737
1216	9.372664120260173e-05
1217	0.00010088242416317458
1218	0.00011491850131976772
1219	0.000112098355356688
1222	0.00029781875352982126
9761	9.67267946839765e-05
25801	9.96185965989736e-05
1226	0.00010092918495008549
1230	0.00011547801972792965
1239	0.00019534153146829938
1240	0.00015034332907420093
1241	0.00018225333822534216
1243	0.00010851248059452103
1244	9.324184710607494e-05
1245	9.93293029960425e-05
1246	0.00011794031512559528
1248	0.00011002427029941842
1252	0.0001157213734609578
25833	9.07443200560302e-05
25835	0.0033836854520040874
1263	0.00010564463116968185
1268	9.579154915025582e-05
17655	9.71672839418136e-05
9467	9.26665126592602e-05
1276	0.0001129517630001487
1277	0.00010483048613865327
1287	9.45216606390091e-05
17677	0.00010656017174283847
9773	9.486673729375691e-05
1301	0.0002503229864404989
1302	0.0001652617386033405
9495	0.001466143766832342
25883	9.787204763827927e-05
1311	0.00015806880724392774
1313	0.00019699927558795632
34085	0.00010809999011469005
1324	9.54089083273381e-05
1325	0.00010067017918365666
1327	0.00012960514069615913
1329	0.00010424491932536773
9525	9.222586830683203e-05
1336	0.00010247364454247874
1341	9.910149600122382e-05
1342	0.00010094763585186643
1343	9.838679413526035e-05
1344	9.300696308817096e-05
17729	0.00021824930456865234
34119	9.140895087524068e-05
9546	0.0004716494255049365
9547	0.00011010738470258337
1356	0.00014847714895402793
9549	9.611418913348997e-05
34136	0.00011574595332599728
1371	0.00014900657581423725
1373	0.00011840071291120604
9568	9.423051725538715e-05
1377	0.0001237443109788945
1379	0.0004193693874890579
1380	0.00010106258502389393
1382	0.0004607202479506427
1384	0.00014067382363948424
1392	9.819461951423555e-05
1393	0.00010102865049121186
1394	0.0011101875531342438
1395	0.0024779516314407534
1397	0.00012083372255413363
1399	0.00010011246527946057
1400	0.00010153300281594513
1406	9.50570006019256e-05
1441	0.00018436910072868145
1450	0.00011367332512899264
1453	0.0005141357244638052
1457	0.00012009174744508652
1459	0.00012520462604779443
1460	9.530655269788508e-05
1462	0.0004609524198765361
26055	0.0012301676191899106
1481	9.724880665092497e-05
1485	0.001889801845609235
1486	0.00019545082620895922
1488	0.00016160816374977854
1490	0.00013103292852939506
1491	0.0003826014096021606
1495	0.00011405849878595256
1497	0.00015792848380600307
1500	0.00010148744665792371
9693	0.00014328063417785977
27557	9.135876996649429e-05
1504	0.00010864323300701618
1508	0.00011006882779740214
17893	9.087364839283821e-05
1516	9.985019454856405e-05
1517	0.0001078438700701867
1520	0.0002691405689593983
1521	0.00015182751306428327
26099	9.098637263060054e-05
1524	0.00016027548513490662
17909	0.0004389853025002807
1526	0.00018397471307130412
1530	0.001395983928583267
9723	9.945944043315301e-05
1532	0.0001247152827384253
26111	9.076743637493324e-05
1538	0.00015417694669382748
1548	0.00016435101528118845
1549	0.00012531031118053002
1550	0.00010478587020621199
1552	9.1070540760475e-05
1554	0.00016843239772817908
1563	0.00015400781717122913
9756	0.004322876687315944
1569	0.00013075523013694127
1573	0.00010040876843486491
17959	9.103611294141108e-05
1576	0.00015994212099892786
1578	9.849734262220787e-05
1579	0.0001969564402874776
1581	0.0001121217051496987
1589	0.0002492804339569016
1592	0.00017465359842945715
9790	0.00024394274027155055
1601	0.0001734106809564048
1602	0.00015102226387291202
1607	0.00011384857392572976
1608	0.00011788390325442608
1611	9.958517095974844e-05
18001	0.0001516604413822774
1624	9.310917188160554e-05
1626	9.669944085588923e-05
1629	0.00011807757992985774
1637	0.00014808306728219888
1640	9.319141027130756e-05
1645	0.00010947690719171135
1650	0.00018124264658602333
1651	0.0001630099139777691
1652	0.00013457260218683776
1654	0.00011816193046191644
18041	0.0001689877479401642
1659	0.00011099208424374803
1660	0.00010278623820355489
18045	0.00010754597722343279
1662	0.0001355865146779055
1663	0.00013660493757001405
26243	0.00023791158145451113
18053	9.438419866242097e-05
1677	0.00010012726013936757
9837	0.00010640500243752775
1682	0.00012207379593194144
1689	0.0018631884433902024
1690	0.0004803862245017255
1692	9.460072221684367e-05
1695	0.00019616601156864863
1698	0.0034993075819237393
283	0.00022323885522311995
1703	0.00011440737448582152
1705	9.16135425916919e-05
1706	0.00011592720827377842
2739	9.197677377062106e-05
1709	0.00014883466996482502
1718	0.00011386050611258568
1719	0.0003066274477940459
1720	0.00010280119158103778
1721	0.00012164230056390875
1723	0.0002529368284937099
1725	9.325284126316884e-05
1727	0.00011229394016083063
1729	0.00024016511833924322
9922	0.00011861328524384189
9926	0.0003826205054737059
26311	0.00010764742246994978
1737	9.270667301840608e-05
9931	0.00012284687154251768
1740	9.110171061942843e-05
1742	0.0001844529607565904
9935	9.078374488044838e-05
1744	0.00010418176665672614
9940	9.932942794755979e-05
1760	0.00011582558108624456
1761	0.00011770326781208838
1762	0.00011490480009965397
1764	0.0001289668675061809
9959	0.0001043443737132843
1768	0.00010180460887101215
1775	9.567896212602841e-05
9972	0.00012398322152374735
26359	9.730893958262962e-05
9976	9.495122998351977e-05
1791	9.306505910619682e-05
18177	0.00011872625691354899
18179	0.0004179819281831853
9988	0.00010754378046554424
1797	0.00014729495486138754
1798	0.00012626790476404006
1799	0.00010188838576610296
1800	0.0001049120699666502
9993	9.440435907828308e-05
1804	0.00011187943606255419
1807	9.657308970881286e-05
1810	0.00010658580509497975
18195	0.0005350720476398485
10013	0.00010177003474053213
10014	0.00011901165440771595
1824	0.0002975832685900772
1825	0.0001459055239248494
1830	0.00018386210350703107
1832	9.292308416144396e-05
1836	0.00010348017752574422
10030	0.002229228790501616
1842	0.0005819605258302348
1843	0.000123982141445991
10036	0.00015345268211733087
1846	0.0001039227415545467
1847	0.00017366836504791342
10045	0.00012246671725796608
10048	9.959353920597927e-05
1857	0.00012026458180468016
1860	0.00013454541065925218
18245	0.0002570679178380307
1864	9.885998150350218e-05
1868	9.399498676306874e-05
1869	0.0001470093132006377
10067	0.000305244693006031
1699	0.005409801856666521
1878	0.00011339159183914247
1890	0.00016515543213230748
1901	0.00022187860600021852
1906	0.00010359851640735837
1914	0.00031664534645217023
1915	0.00025906373288930417
1920	0.00011115584651297971
1921	0.00015516389240383802
1922	0.00010335237114158162
1923	0.00010056926865263679
1924	0.00011675988842027059
1925	0.00010835549243255246
10118	0.0004447466967127105
10122	0.00012755827604751726
1937	9.503177504731649e-05
33091	0.00013826215511099281
1941	0.00012831680449230527
1944	0.00013059582568955113
1946	0.00014348093899702177
1949	9.755551233026789e-05
1952	0.00010790262238164536
1959	9.313637654424907e-05
1961	0.0002156545347831785
1965	0.00020703772219199566
1967	0.00017626776411041833
1968	0.00013620729174903493
1969	0.00015510008576327753
1974	0.00034675230465960573
1977	0.00010189301764331593
1983	0.00011756974102546182
10178	0.00022178592796543727
9890	0.0003830466338522524
1999	9.34758503428863e-05
2000	0.00018820312610677982
8250	0.00011639488539446641
2004	0.00028282885344518784
2008	9.497654726355604e-05
2009	0.0001139646027299034
2013	0.00011965607256779603
2016	0.00011954541474970349
2017	0.00010767925858500991
2019	0.00010123345510723719
2029	0.00010687954094749104
2030	0.00015256704021044404
2032	0.00010891770009520737
2035	0.0002391328838391458
2036	9.306019953057307e-05
10232	0.00013958373113438503
2042	0.00011743477470251286
8533	9.597669488984187e-05
2051	9.30439888276963e-05
2055	0.00045366948103916404
26285	9.106028633965019e-05
18451	9.101700528523273e-05
2071	0.00010470663877376519
18457	9.092101235930118e-05
10278	0.00022577087996625208
2098	0.00014323634068640802
2103	0.00010688716193386074
2105	0.00010543244551897622
2129	0.0003763125330358202
2133	0.00010425815517303315
2139	0.00010327131126164526
2141	0.0001486077231709779
2143	0.0001725536198813544
2148	0.00010234205912802159
18533	9.14768585332147e-05
10342	9.176352576775291e-05
2152	0.00013326161887154957
2158	0.0005907791696382933
9917	0.0001289344709351251
10354	9.999946319676593e-05
2164	0.001260276774187797
2167	0.0030060691830832028
26303	0.0001035434884306559
8554	9.154125964100078e-05
2175	0.0003891366162342271
2179	0.00010092853258884583
10375	9.696599933295873e-05
10379	0.0025068106515361978
2193	0.00010967195263617746
10389	0.0002638438609839746
2199	0.00013207640731195333
2200	0.00013706063185523216
2201	0.00016149038454719137
2202	0.00026687330882651524
2203	0.00016661694488572619
10397	0.00014881387727620754
2208	9.848778517571295e-05
2210	0.00013987164909506022
2213	0.00013054400446175477
2214	0.0001222702905265371
2216	0.00026865874530900127
2218	9.446354856542753e-05
2219	9.476159306106762e-05
2220	9.224844132852924e-05
2225	0.00012740007491022189
2227	0.00011175062986880901
2230	0.00010349867205977211
2235	0.00017051042569912278
2236	0.0064062158706937175
2238	0.00016826809156737647
2243	9.523549808545217e-05
2245	9.766586594524537e-05
2253	0.00012017293609260155
10447	0.00015910616888211755
2256	9.642575465233413e-05
2257	0.0001018351266703647
10460	0.005344211925826804
2273	0.0003043718721398156
10466	9.650216344759108e-05
10471	0.00012911495374847445
18671	0.00020673157670679675
10481	9.265890489446563e-05
2294	0.00014511717659485584
2298	0.00012630187981885205
2308	9.102663069278242e-05
2314	9.638972741712006e-05
10516	0.00012414722847713144
2333	0.00012323349412172308
2341	9.48519428063645e-05
2346	9.507261011866733e-05
10547	9.695068998565117e-05
2359	9.667876972936458e-05
10554	9.315467049369045e-05
2372	0.00010640788993821622
2387	0.00011829048095210743
10581	9.740178758903179e-05
2398	0.00013643549136436106
2402	0.00029215517059940325
2405	0.003502568144749146
2408	0.00010565753225146614
2417	0.00011040826606550084
2420	0.00012534452975641454
2453	9.245873034425431e-05
2454	0.00015021893524568366
2456	0.00011289061690682215
2458	0.00012550128728680004
2459	0.0001100795234702953
2460	0.0001205779881489443
18849	0.0001625267719422997
2468	9.849325931854469e-05
2470	0.00010367260185800154
2476	0.00015056222355493016
2486	0.0001547346644504425
2487	9.909949359132814e-05
2491	0.00015442649338758124
2492	0.00011934210873892784
2493	0.00011602926808322719
2495	0.00010504373294812369
10688	9.471215600832246e-05
2498	0.00014130884476380712
2499	0.00017680796943360738
20899	0.0006271354909481947
2517	0.00010983357296246287
17269	0.00017214231884957418
2523	9.353099286834198e-05
10718	0.0001415339043466376
10721	0.0010681903218854438
10723	9.74547303953414e-05
2534	9.679009380916874e-05
2535	9.38771929421157e-05
2536	9.472049573365966e-05
2538	9.20943143300502e-05
20903	0.00024482629116594565
2542	0.0001231050363307711
2544	0.00012121992429915352
2545	0.00012139772201516276
2546	9.777319369415985e-05
2547	0.0001723309730026594
10740	0.00013578490667919774
2549	0.00010764048581778072
10742	9.118614957705825e-05
10743	9.498704873801943e-05
2553	0.00013213598644276937
2554	0.00011585291661108242
2555	0.00011201349417340245
2556	9.92894777988748e-05
2557	0.00016579131065157563
2558	0.0018794628845094181
2559	0.00034173572367326364
2560	0.00014438561372521268
2562	0.00020169094484665637
10757	9.074589184163202e-05
10758	0.00010107978679115188
1793	0.00011314570505776396
2568	9.089812703307248e-05
2569	0.00010953452267738245
2573	0.00010384021190645836
2576	9.834594597940797e-05
2577	0.00014095750443737505
2581	0.0011850088055858413
2582	0.00038756215802263365
2583	0.0001313440336043563
2584	0.00010712709259231507
2585	0.00019594163939507528
2586	0.0001043302930662307
9989	0.00818657859443354
2594	0.00026864304097468995
2595	0.00012203467258535598
9990	9.831675927034978e-05
2598	9.922627932060883e-05
2599	9.198546377720126e-05
2600	9.174549529172544e-05
10793	0.00041731595789486545
10800	0.0014562383908762195
2609	9.626695180302667e-05
2610	9.844257889420432e-05
2613	9.291752213943326e-05
2614	9.283774021420501e-05
2618	0.00019103207984541305
10813	9.120178087609116e-05
2623	0.0002839602601991302
2624	0.00012180185074741287
19021	0.00012256325756717344
19023	0.00010739950289692581
10862	9.600225137917363e-05
2683	0.0001315240042467659
2685	0.0010768189417804783
2694	9.120513363413424e-05
2698	0.0001050657750376626
8643	9.759445241436136e-05
10901	0.0004338426953765095
2714	9.372358035905053e-05
2717	0.00011030408889343003
10918	0.00014689077651029064
2729	0.0001164540692653774
19115	0.00018028904723518338
2732	9.20374903541424e-05
19117	0.00013608395532957817
2737	9.099943496018315e-05
19123	0.0003338502612771831
2740	9.90954677603874e-05
2741	9.88802636659397e-05
10935	0.00013124372137878311
2747	0.00011830678762655802
2751	0.00011583153209294273
2753	0.00017508287406072586
2756	0.00015076301302956353
2760	0.00011534065735601208
2761	0.000732456430518508
2768	0.0002364738899380362
2779	9.124337126420382e-05
2785	9.542371146468332e-05
2787	0.00042857979162793313
2788	0.0001077261170029931
2793	0.00011510449411593411
2795	0.0001151395375478277
2800	0.00020062313548397954
2801	0.00010519140861434808
2802	0.00010361960413307635
2810	0.00010494847033707624
2811	0.00010733837033721097
2813	0.00012832168692681036
2816	0.00010299769260818679
10028	9.188569689019704e-05
2828	0.00024384304170865694
27405	9.143491865025467e-05
2830	0.00012105240418493002
2831	0.00010795727982530457
2832	0.00020379369554947624
2834	0.00012186257467171316
1838	9.854094234312621e-05
2847	0.0001652068267186391
2881	0.00011701369819244253
19285	0.00012364731454493733
2904	0.03149118985138745
11101	9.103159416615294e-05
2911	9.685093391694497e-05
2913	0.00010620472787061712
2915	9.87388481871416e-05
2920	0.00010112599230724999
2921	0.00047500549299967973
2922	0.00015143932073047477
2924	0.0015433695718368163
2926	0.0002565494503531209
2927	0.00020252009416252438
2928	0.00014499257514468737
2929	0.00012406657966158285
11123	0.0003739991410681279
11135	0.00015050168080858454
2964	0.0001200801440153382
2974	9.354002257842688e-05
1861	0.0001564403874688269
2981	0.00015329796463217136
2983	9.302069381127512e-05
2997	0.00015987770809019732
2998	0.00012956716974352485
2999	0.00015634098469775463
3003	0.00010340030246097351
3005	0.00010150582454467512
3009	0.00011020859525515082
3015	0.0001204988366074203
3016	0.0013328000189970857
25079	9.517356861636949e-05
27601	0.00012183339895331615
3026	9.367393991594435e-05
3027	0.00010921584062320558
3031	0.00010743816333857872
3032	0.00011689527223826085
3053	0.00010254301256277607
3054	0.00012298288426886722
3067	0.0001237107200980813
3069	0.00011279757263979619
3071	0.00010873917363880043
3072	0.00010317705826958076
3077	9.101169956883614e-05
3089	0.00019949277341310998
3091	0.0011509989426093283
3092	0.00048445491775727767
11285	0.00018259142754212162
376	0.0002504932132302399
3110	0.00011420520880651351
3111	0.00015419768010347613
11307	9.746606811674555e-05
3120	0.0004954879702433741
11313	0.00011935026023165568
3138	0.00012587220307244955
3147	0.0004524481978397055
8718	9.078842007879933e-05
3162	0.00010519923041377532
3175	9.644703546929146e-05
3176	9.075301418653346e-05
3183	9.174936837251425e-05
3186	0.00012182319242009791
3194	9.66584392944685e-05
3196	9.78380947322527e-05
27775	0.0002412521279012418
27789	0.00010199174661181451
3220	0.00016292223077112554
3226	0.0004815822531413671
3231	0.00018994330448336228
3239	0.00010899934974394944
11433	0.0003181492084777878
19627	9.170157789579548e-05
10098	9.868692882871001e-05
3248	0.00011994740571751329
11441	0.00015989047515101423
3254	9.305585754606509e-05
19647	0.0019339005778180704
3266	0.00012855883219303733
3270	0.00010272859497047428
3298	0.00014217047460881932
3306	0.0001012623713158507
3318	0.00013597313639807806
27899	0.0001906546079251881
3326	0.00021532565330918544
3335	0.00014471575284159206
33326	9.358769784970781e-05
11547	9.280272729071315e-05
3358	0.00035607265818544666
11561	0.00011037053874651634
3375	0.00011609622888654242
27969	0.0001470823498763125
3394	0.00010003048542729884
3396	0.00010173441279911345
27989	0.0003813900386741796
3420	0.00032166696310952596
33338	0.00016791674160202458
3424	0.00010386000394898774
3449	0.00018423719503424515
3457	0.0020196676015875083
3462	9.835117273060748e-05
3468	0.00012662693507449897
3469	0.0001265750838900285
11663	0.00010120191804680006
11665	0.003446765078908434
28055	9.48156871421062e-05
3483	9.596408040313275e-05
3484	9.705726668825875e-05
3488	9.659723300520778e-05
11685	9.754669836055915e-05
11693	9.888207013592515e-05
26101	9.11888895011374e-05
3507	0.0001089562549275156
8777	9.073024980282597e-05
3512	9.691969826354189e-05
11739	0.005384786369846239
3323	0.0001240839956089684
3558	9.243652475804082e-05
25169	9.111602966632808e-05
28143	9.212450346241949e-05
19957	9.269960372650375e-05
10153	0.00045241703841156336
28155	0.000104661296082701
19971	9.749202090276115e-05
19973	0.0001007183562052642
3597	9.259689363370652e-05
11793	0.00011182177095887229
3602	0.00015847262553167062
3626	0.00014212071962807385
3627	0.00014891823597152403
11837	0.00012689747210704397
28223	0.0016168366689584869
28227	9.364379402405846e-05
3655	0.00020206901490623408
3665	0.0005364254822563699
28249	0.0020375390352640253
11867	9.702856757911667e-05
33129	0.00010044001328732229
1153	0.00010494305896305484
11887	0.0006875959182258063
11889	0.00012552025589121835
11917	0.00041570265316836656
3726	9.290436157585708e-05
3734	0.00010863231353940963
20583	0.003799157526979954
3744	9.894092682574531e-05
29301	0.0001090370715723723
3783	0.0015248588986497007
11977	0.0007367114234602923
11979	0.0012855008422582117
11981	0.0017560733241079277
3800	9.557038092405854e-05
3807	0.00014749271782417444
28391	0.00010431772325618418
17020	9.268514634362419e-05
3819	9.096473189730832e-05
20207	9.265623002085471e-05
3829	0.00011852377477861765
3835	0.0007795866305197216
12029	0.0019211207817179767
20225	9.073024980282597e-05
12035	0.00013910143362629986
20235	0.0001011269667452828
3854	0.00010967966584463852
28433	9.171460564324894e-05
3858	0.00010546543050929494
3866	9.271652243802037e-05
3868	0.00011421750178565728
12069	0.00026245459152704373
3879	0.00010038181719062244
3887	0.00012500345266206925
12113	0.0005340701924231103
12115	0.0007496016827906886
3927	0.0009392565879755699
3931	0.00013018826498382326
3946	0.0001177010240607458
3947	9.448301309755278e-05
3963	9.915801628522579e-05
3964	0.00010296125222881058
132	0.00026125986266617906
12163	0.0011597774064888652
3976	0.00010802814656112309
12175	0.00016470275683371196
20371	0.000226332307636159
9135	0.0002451272281782951
4033	9.598220452685927e-05
4037	0.00017904994412950564
4039	0.000146288363641252
28623	0.00018643789555139922
4059	0.002640596696215423
12259	9.371011075673136e-05
4074	0.00014800833633577014
4081	0.0019551116495657586
20469	0.00010276633656029615
12279	9.212522953452212e-05
20505	9.334005473945429e-05
4132	9.760845057851865e-05
20517	0.00015269066744364525
4138	0.00020478200647651922
3421	0.00010692037403315892
12337	9.265623002085471e-05
28725	0.0003493381840425086
4155	0.001374326811858091
28735	0.0015665367871483895
14347	0.00010749831284156978
12365	0.0034991052987491875
4181	0.03236906344891367
4189	0.0001549559566183917
4199	0.00010297398438878135
4201	0.00012049616287832965
20587	9.145410802992745e-05
4210	9.957574032582642e-05
28789	0.00010472392936419317
4220	9.080051614197821e-05
8896	9.27427529532501e-05
33474	9.141633355551029e-05
707	0.00010028631604272119
12439	9.265623002085471e-05
12441	0.00010112696674528282
20649	0.00010394822738708647
4266	9.171515426945416e-05
20651	0.0005054050597734047
28851	0.00030116109843523
12471	0.00013973293493910261
4282	0.006101912266230484
20671	0.00025953162146160355
28891	0.0030621996386640937
4339	9.503454911945597e-05
28927	0.00024472072753772194
4353	9.772170804828946e-05
28955	9.073024980282597e-05
28959	9.355473046856556e-05
4388	0.00010125244297708229
12599	9.372155093012393e-05
12603	0.00011034840694664002
28999	0.00036043891841762427
4461	0.00010470641661198587
4475	0.00010301699234263858
12671	0.00011950890222228886
4483	0.00014267152339824578
4484	9.206519684443307e-05
4485	9.388010248531943e-05
4503	9.826893800264786e-05
4514	9.940682221933005e-05
4515	9.840917716765843e-05
29093	0.0002447254908929543
29095	0.00028149238197761083
12725	0.00010276412735891529
4549	0.00011033995263586837
12745	0.00010237255998108677
4566	9.32190884778897e-05
20969	0.00017490277891970944
6230	0.0004658953530887134
4614	9.946585144409609e-05
4617	0.00010058182902516726
4618	0.00021098868074453464
21025	0.0004647423525160673
21027	0.00020294386963979927
21041	0.0001158548010773106
12859	0.0008643115852577741
12867	9.971301074668345e-05
21065	0.00010062972689964283
12877	9.675508150404425e-05
12881	9.874454574007962e-05
4697	9.344525026391755e-05
4715	0.0001769587864162553
4720	0.00011883132893426474
4722	0.004598750008196347
4723	0.00046474235251606737
12917	0.00010248155863365069
21119	9.178272586165307e-05
4752	0.00031008256051592625
4756	0.00014473921784139522
10350	0.00011718152725016409
4765	0.00014916175810344927
4789	0.0009070017025291518
21189	0.00011449362971690628
4814	0.00045516871584880107
13029	9.643479941871306e-05
18557	9.085845402697374e-05
21255	9.749202090276112e-05
4884	0.00021106861483906328
4908	9.795143319288443e-05
4918	0.000597578678819878
13115	0.00014127732050545945
13117	0.00012163958993991843
4926	0.00013572206613315672
13119	0.00011271382313608742
4928	9.294569498148264e-05
9014	0.00011483535496087896
4938	0.0004704457247348834
21333	0.00016379184178330034
4981	0.0003640920009126602
13175	0.00013244203914739952
4985	0.0003713569318198259
4927	0.00010480226601103102
5002	9.812859148099703e-05
5013	9.126971670780564e-05
13125	0.003732909143859279
5028	0.0011512919806364412
5037	9.751847383533197e-05
5039	0.00015674822955818934
21431	0.00013877503098759316
5052	9.994025259323407e-05
21441	0.0001001259470797201
29637	9.080451580192815e-05
29651	9.152613971719162e-05
29653	9.192976821114664e-05
5084	0.0001488655644797729
5098	0.0001262181558295492
29675	9.192976821114664e-05
29677	9.073024980282597e-05
29679	9.073024980282597e-05
10408	0.0027104816654881527
13299	9.357276988470941e-05
5114	0.11454854207745885
13335	0.0001323949406794658
5151	0.0004514545599501383
5155	0.00011166198303464057
5167	9.158155458460167e-05
21557	0.0005545874795656723
29755	0.00010923058745073154
5191	9.225103186600874e-05
5200	0.00010771700970488746
5216	0.00010950160641308076
13411	0.000158093581630079
5220	0.000130159985334866
29801	9.282158915208279e-05
5763	9.967176581800366e-05
5228	0.00011588471332542339
29812	9.396267896120821e-05
5237	9.233430426933376e-05
9065	0.0001719386120703514
29829	0.00010581815088629389
29830	0.00010327582187736725
29831	0.00013083949560388717
5258	0.003799298522872125
5288	9.605854193142311e-05
5293	9.436178364746692e-05
5300	0.0027741629555136614
885	0.0002380041471488043
29900	9.161789126173725e-05
5332	0.00013935348702084771
10448	0.0002445421899974311
21737	0.00010143389709733422
5365	0.0013049813422172795
13585	0.0002021719619688282
13599	0.0002224135536637506
5411	9.42092788086191e-05
5415	9.834510209488513e-05
5420	0.001445890809690088
13629	0.00035020338650196725
21845	0.00010596720403950282
13655	0.00020275318861545685
30045	9.131525489206851e-05
5472	9.136537635111077e-05
21861	0.00013414030044077793
30059	9.102730028997246e-05
5494	0.00010766773317681464
13691	0.00010055930964818686
5504	0.00012308905338682938
30086	9.121650236651124e-05
5535	0.00010785697826592358
13731	0.00010058393720155181
30123	0.0019610246922788736
30133	9.427619355078508e-05
13215	0.000131073787855588
13757	9.34737823938609e-05
13759	0.0011456582456439394
13767	0.00013069218896582895
5603	0.00010346999278360987
21995	0.00029879283278291244
30193	0.00046474235251606737
5630	0.0017013683541907266
5631	9.654181486434336e-05
5640	9.59852935392889e-05
13843	9.993176017725605e-05
10500	0.00034637248673259657
943	0.00010007832377416502
3675	9.24340019759631e-05
13863	0.00011282640708527435
5673	9.390842720123768e-05
5678	0.0004439537734130931
5682	0.0009744226220593994
30262	9.272553220977413e-05
5689	0.00010079024576206118
29623	0.00013674465080036393
5719	0.00011164949250017515
13931	0.00010389878669558845
13955	9.698618336746243e-05
30344	9.916812573186383e-05
5774	0.00012608895571130418
5784	0.00012862000274185812
30364	0.000105839567864181
13993	0.00010114582865331134
30382	9.153557741264725e-05
14007	0.00010079108255339373
5832	0.00010715180840828799
5834	0.00010803181061370607
5835	0.00017225089078118616
30413	0.00012970320431871673
30419	9.591631757648724e-05
5854	9.75024113470261e-05
5865	0.00010507659186926315
30458	0.00015683495751178417
14075	0.0009067670967274477
30473	9.130225476342653e-05
5900	9.186919703346742e-05
5902	0.00014438274175560561
5904	9.158919208262733e-05
5917	0.00010370071703589588
5918	0.00010764264828059256
5924	0.00010247331287582981
5929	0.00016484826998098932
22319	0.0005029112221232469
5936	0.00010809834770868686
5941	0.0019163522635781778
14145	0.000101025742608856
30549	0.00013155867851555382
14175	0.000293621957581845
5984	0.0002296033632505228
14183	9.112580178370619e-05
5992	9.232056082151638e-05
5997	0.00010092299634393637
30585	0.00013237684566797306
6012	9.66005792182699e-05
6032	0.0001320862748462522
14247	0.00010444401954515632
6076	9.75985809829447e-05
6087	9.266831181448855e-05
6114	0.0033227202655782217
1021	0.0001518274235138638
6129	0.00011825634688148271
22535	0.003068457641253865
6152	0.0001545329636897088
22539	0.00018628680877868297
14353	0.0006564309345051069
30740	0.000134501405692766
6165	0.00011994721251633304
6178	0.00013762200748677274
6182	0.00010340901375631363
30760	9.161871111993297e-05
30763	9.161744310596274e-05
30764	9.161871111993297e-05
30765	9.161871111993297e-05
30771	0.00010588882116431761
6202	0.0961045063558134
14397	0.0015256774249804508
6211	0.001198786773193321
30790	0.00010570151737640357
6226	0.00010281851840204861
6227	9.167418108975111e-05
6229	0.00047389745200692926
30806	0.00010530251045146036
6246	9.802092649751846e-05
6261	9.076688124913079e-05
6262	9.634273230728238e-05
6266	9.561474528660712e-05
22687	0.00014285958652159543
1053	9.917237264901715e-05
30901	0.00016142242160405444
30907	0.00010028081410630436
6336	0.0005810926374005181
6344	0.00011590900171681125
6351	0.0006493377304324955
6361	0.00017104404652218137
30939	9.165769342265122e-05
6366	9.805507075266437e-05
6372	0.00043629131715318945
22763	0.00015358265305981552
6397	9.141118282374319e-05
30981	9.075425106452405e-05
6408	0.00030091404250942973
6421	0.0004891132242198738
1734	0.0001009060954888987
22847	0.00010328396827951609
14669	0.0001758037374990793
6489	0.00012777293424542132
6492	9.184635919785484e-05
6509	9.36283986761421e-05
9279	0.00012347648239336307
6547	0.002738896822400959
14741	0.0007313930698796722
31128	9.691946457674942e-05
31147	0.00012420883966536835
6572	0.00019622286467753242
31156	9.396727221519674e-05
9289	0.0006754051226618324
31165	9.485755537839455e-05
31173	0.0002493189879431275
14807	0.00041614378936579783
14813	0.0007061218054797974
12027	9.47283333497014e-05
14827	9.852163027910216e-05
6637	0.00039587290338204085
14835	0.00010659371715810063
31229	0.00010283530208857043
1109	0.00011438828229155374
23043	0.0001433578846886479
31240	0.001789031393091025
31251	0.000253769241543104
16812	9.20017786204707e-05
14875	0.00010162924114835192
31289	0.00018255625934758077
31297	0.00012465880824782277
6726	9.96408169623371e-05
6728	9.119338459784258e-05
6733	0.00011507064292207863
23133	0.00010685950405872612
6773	0.00029462823217008964
6774	0.0010411880411500068
6783	0.0001312341367985572
6787	0.00010361070431831982
23177	9.073298349447001e-05
31378	0.0001061625166466615
31387	9.33636775035326e-05
23209	0.00010554097779786166
15021	9.414348187662936e-05
15039	0.000467222920261285
15045	9.245339891608563e-05
31430	0.00010878951780810841
23249	0.00014238539903220918
6867	0.00011718405150323077
6872	9.660495798067624e-05
6875	9.621354957168147e-05
23273	0.0063241766847876996
6895	0.000197329800373495
31483	0.0001267671519944494
23293	0.00018109999196009514
31490	0.0001262555169591847
6919	0.00010105664753097981
6920	0.00010060316752210858
6937	9.344610816324325e-05
29834	9.161871111993297e-05
6978	9.172532517048859e-05
31561	0.00010552191656774841
31575	9.098973002483064e-05
7014	0.0001142986740600894
15227	0.001536574705275579
31630	0.00010063941393988913
7058	0.00014967037495254131
7059	0.00020043960882819493
23447	0.0001146670123297732
31665	0.00013277417713321527
2548	0.0001700460434871928
31680	0.00010661532474973456
7112	9.353047993458928e-05
7117	0.0001019297414799582
15323	0.00043654852464093636
7144	0.0001193297231064626
6653	0.00010439456521206827
7169	0.00012409737897023292
31756	9.966686120630686e-05
15379	0.00018949546259346484
7193	0.000698465578195708
23581	9.13491274528622e-05
23583	9.176170652497595e-05
23585	9.123480699933044e-05
23587	0.00010787516002423557
10759	9.080078691436133e-05
31798	0.00018157339888508342
7229	9.359981574824163e-05
31821	0.00015397272472120373
7252	9.218589164599989e-05
7257	0.00027895545267383456
7270	0.0001233802135665934
7273	9.684385668038948e-05
23659	9.147536089197674e-05
31859	0.000327778771232171
7285	0.0004513644637979329
7308	9.845258038790843e-05
23711	9.159684726747922e-05
23741	0.0018025425958813096
7366	9.763864776358335e-05
7374	0.00010406167736691418
7376	9.15945097176467e-05
7377	0.00010296395559437935
23775	0.00012005933939343035
23777	0.00012537296669237665
31973	0.00024358097280832591
31977	9.155478709964625e-05
15607	9.254283712551117e-05
7420	9.073298349447001e-05
32023	9.817844217161374e-05
23835	9.459757968701593e-05
32034	9.190351686556954e-05
23847	0.0006663781816574642
7474	0.00010264831700481576
32071	9.718361116996606e-05
7504	9.289364062718518e-05
7510	9.821742362060418e-05
32108	0.00016581245780327916
26165	0.0001495747057837227
2621	0.00012907724233305535
15731	0.00011446653679527629
23931	9.193661325789016e-05
7571	9.854868301082945e-05
7575	9.140915466924939e-05
32153	9.941076988714789e-05
7578	0.00010101240498681974
32174	9.863385157667971e-05
23987	0.00015744966111843573
7616	9.28897368526875e-05
15815	9.073024980282597e-05
7651	0.00015748047837140842
7654	0.00011285049918099898
7655	0.0006219083656948546
7661	0.00025976570572057786
12531	0.0022101619903196652
32281	0.014923649242343474
32287	0.00017685357923430747
32291	9.09210123593012e-05
32309	9.957321293498456e-05
32311	0.00011793956138938058
32313	0.000115687723824375
1293	0.0001714094077037309
7775	0.00010166473976734044
7779	0.00046714175909827097
32379	0.0001327882495647317
32382	9.162832929393713e-05
16001	0.000568819897164836
9494	9.325241046611626e-05
1303	0.0002294011771914529
7861	0.00010200449632246554
32438	9.951773110222241e-05
16067	0.0009477136985596716
7877	0.00013096533976240252
32461	9.121494473392574e-05
24277	0.000371282969699933
7904	9.658073031938129e-05
7967	0.00012197650885936895
32551	0.00017342472882300532
24371	9.670865726386235e-05
32581	9.358769784970779e-05
16201	0.00018433464021525093
8450	9.128760522220586e-05
32588	9.354580809262718e-05
8017	0.00010552450506570463
9055	0.0001523438645140105
16233	0.00011533173904246484
8063	0.0002468397277583717
8098	0.00010968666772715335
8120	0.0001576510606154605
9548	9.585397834751038e-05
8139	9.768830261912039e-05
8140	0.00010284178274906049
8141	9.112200752306235e-05
8142	0.000632609678924733
17741	0.0001180004094827242
32728	0.00010285649851257274
32729	0.00020989864875554096
32735	9.138416511067779e-05
2726	0.00011314437465128395
32759	9.358769784970779e-05
